Career Cluster,Career Pathway,Code,Occupation
"Ag., Food, & Nat. Resources",Agribusiness Systems,11-9013.03,Aquacultural Mgrs.
"Ag., Food, & Nat. Resources",Agribusiness Systems,13-1021.00,Buyers & Purchasing Agents
"Ag., Food, & Nat. Resources",Agribusiness Systems,11-9013.02,Farm & Ranch Mgrs.
"Ag., Food, & Nat. Resources",Agribusiness Systems,13-1074.00,Farm Labor Contractors
"Ag., Food, & Nat. Resources",Agribusiness Systems,11-9013.00,"Farmers, Ranchers"
"Ag., Food, & Nat. Resources",Agribusiness Systems,11-9013.01,Nursery  Mgrs.
"Ag., Food, & Nat. Resources",Animal Systems,45-2021.00,Animal Breeders
"Ag., Food, & Nat. Resources",Animal Systems,19-1011.00,Animal Scientists
"Ag., Food, & Nat. Resources",Animal Systems,45-2093.00,Farmworkers
"Ag., Food, & Nat. Resources",Animal Systems,39-2021.00,Nonfarm Animal Caretakers
"Ag., Food, & Nat. Resources",Envir. Service Systems,17-3025.00,Enviro. Engineering Tech.
"Ag., Food, & Nat. Resources",Envir. Service Systems,17-2081.00,Enviro. Engineers
"Ag., Food, & Nat. Resources",Envir. Service Systems,19-4091.00,Enviro. Science & Protection Tech.
"Ag., Food, & Nat. Resources",Envir. Service Systems,47-4041.00,Haz.s Mat. Removal Wkrs.
"Ag., Food, & Nat. Resources",Envir. Service Systems,37-2021.00,Pest Cont. Wkrs.
"Ag., Food, & Nat. Resources",Envir. Service Systems,53-7081.00,Refuse Material Collectors
"Ag., Food, & Nat. Resources",Envir. Service Systems,51-8031.00,Water Treatment Plant Ops
"Ag., Food, & Nat. Resources",Envir. Service Systems,17-2081.01,Water/Wastewater Engineers
"Ag., Food, & Nat. Resources",Food Prod. & Process. Systems,19-4011.00,Ag. & Food Science Tech.
"Ag., Food, & Nat. Resources",Food Prod. & Process. Systems,19-4011.01,Ag. Tech.
"Ag., Food, & Nat. Resources",Food Prod. & Process. Systems,45-1011.07,Supers. of Ag. Crop Wkrs.
"Ag., Food, & Nat. Resources",Food Prod. & Process. Systems,45-1011.08,Supers. of Animal Husbandry Wkrs.
"Ag., Food, & Nat. Resources",Food Prod. & Process. Systems,45-1011.06,Supers. of Aquacultural Wkrs.
"Ag., Food, & Nat. Resources",Food Prod. & Process. Systems,45-1011.00,Supers. of Farming Wkrs.
"Ag., Food, & Nat. Resources",Food Prod. & Process. Systems,45-1011.05,Supers.of Logging Wkrs.
"Ag., Food, & Nat. Resources",Food Prod. & Process. Systems,19-4011.02,Food Science Tech.
"Ag., Food, & Nat. Resources",Food Prod. & Process. Systems,19-1012.00,Food Scientists & Tech.
"Ag., Food, & Nat. Resources",Food Prod. & Process. Systems,45-2041.00,"Graders & Sorters, Ag. Products"
"Ag., Food, & Nat. Resources",Natural Resources Systems,11-9121.01,Clinical Research Coordinators
"Ag., Food, & Nat. Resources",Natural Resources Systems,45-4021.00,Fallers
"Ag., Food, & Nat. Resources",Natural Resources Systems,45-3011.00,Fishers Wkrs.
"Ag., Food, & Nat. Resources",Natural Resources Systems,19-4093.00,Forest & Cons. Tech.
"Ag., Food, & Nat. Resources",Natural Resources Systems,45-4011.00,Forest & Cons. Wkrs.
"Ag., Food, & Nat. Resources",Natural Resources Systems,19-1032.00,Foresters
"Ag., Food, & Nat. Resources",Natural Resources Systems,19-4041.00,Geo. & Petroleum Tech.
"Ag., Food, & Nat. Resources",Natural Resources Systems,19-4041.02,Geo.Sample Test Tech.
"Ag., Food, & Nat. Resources",Natural Resources Systems,19-4041.01,Geophysical Data Tech.
"Ag., Food, & Nat. Resources",Natural Resources Systems,45-3021.00,Hunters & Trappers
"Ag., Food, & Nat. Resources",Natural Resources Systems,45-4023.00,Log Graders & Scalers
"Ag., Food, & Nat. Resources",Natural Resources Systems,45-4022.00,Logging Equip. Ops
"Ag., Food, & Nat. Resources",Natural Resources Systems,45-4029.00,Logging Wkrs.
"Ag., Food, & Nat. Resources",Natural Resources Systems,11-9121.00,Natural Sciences Mgrs.
"Ag., Food, & Nat. Resources",Natural Resources Systems,11-9121.02,Water Resource Spc.
"Ag., Food, & Nat. Resources",Natural Resources Systems,19-1023.00,Zoologists & Biologists
"Ag., Food, & Nat. Resources",Plant Systems,45-2099.00,Ag. Wkrs.
"Ag., Food, & Nat. Resources",Plant Systems,19-4021.00,Bio. Tech.
"Ag., Food, & Nat. Resources",Plant Systems,45-2092.02,Farmworkers & Laborers
"Ag., Food, & Nat. Resources",Plant Systems,45-2092.00,"Farmworkers, Nursery, & Gr.house"
"Ag., Food, & Nat. Resources",Plant Systems,45-2092.01,Nursery Wkrs.
"Ag., Food, & Nat. Resources",Plant Systems,37-3012.00,Pesticide H&lers
"Ag., Food, & Nat. Resources",Plant Systems,19-1013.00,Soil & Plant Scientists
"Ag., Food, & Nat. Resources",Plant Systems,37-3013.00,Tree Trimmers & Pruners
"Ag., Food, & Nat. Resources","Power, Struct. & Tech. Sys.",17-2021.00,Ag. Engineers
"Ag., Food, & Nat. Resources","Power, Struct. & Tech. Sys.",45-2091.00,Ag. Equip. Ops.
"Ag., Food, & Nat. Resources","Power, Struct. & Tech. Sys.",49-3041.00,Farm Equip. Mech. & Serv. Tech.
Architecture & Construction,Construction,47-2021.00,Brickmasons
Architecture & Construction,Construction,47-2031.00,Carpenters
Architecture & Construction,Construction,47-2041.00,Carpet Installers
Architecture & Construction,Construction,47-2051.00,Cement Masons
Architecture & Construction,Construction,47-2031.01,Constr. Carpenters
Architecture & Construction,Construction,47-2061.00,Constr. Laborers
Architecture & Construction,Construction,11-9021.00,Constr. Mgrs.
Architecture & Construction,Construction,47-5041.00,Cont.s Mining Mach. Ops
Architecture & Construction,Construction,53-7011.00,Conveyor Ops & Tend.
Architecture & Construction,Construction,53-7021.00,Crane & Tower Ops
Architecture & Construction,Construction,47-5011.00,"Derrick Ops, Oil & Gas"
Architecture & Construction,Construction,53-7031.00,Dredge Ops
Architecture & Construction,Construction,47-2081.00,Drywall & Ceiling Install
Architecture & Construction,Construction,47-5021.00,"Earth Drillers, non Oil & Gas"
Architecture & Construction,Construction,47-2111.00,Electricians
Architecture & Construction,Construction,53-7032.00,"Excav., Load. Mach., & Dragline Op."
Architecture & Construction,Construction,47-5031.00,"Explosives Wkrs., Ord. H&., &  Blasters"
Architecture & Construction,Construction,47-5099.00,Extraction Wkrs. 
Architecture & Construction,Construction,47-4031.00,Fence Erectors
Architecture & Construction,Construction,47-1011.00,"Constr. Trades, Extract. Wkrs. Sup."
Architecture & Construction,Construction,47-2042.00,"Floor Layer (excl. carpet, wood, & tiles)"
Architecture & Construction,Construction,47-2043.00,Floor S&ers & Finishers
Architecture & Construction,Construction,47-2121.00,Glaziers
Architecture & Construction,Construction,47-3019.00,Constr. Trades
Architecture & Construction,Construction,47-3011.00,"Masonry Wkrs., Tile & Marble Set."
Architecture & Construction,Construction,47-3012.00,Carpenters
Architecture & Construction,Construction,47-3013.00,Electricians
Architecture & Construction,Construction,47-5081.00,Extraction Wkrs.
Architecture & Construction,Construction,47-3014.00,"Paint., Paper, Plaster, & Stucco Masons"
Architecture & Construction,Construction,47-3015.00,"Pipelay., Plumbers, Pipefit, & Steamfit."
Architecture & Construction,Construction,47-3016.00,Roofers
Architecture & Construction,Construction,53-7041.00,Hoist & Winch Opr.
Architecture & Construction,Construction,47-2131.00,"Insulation Wkrs. (Floor, Ceil., Wall)"
Architecture & Construction,Construction,47-2132.00,"Insulation Wkrs., Mech."
Architecture & Construction,Construction,53-7033.00,"Load. Mach.Ops, Underground Mining"
Architecture & Construction,Construction,49-9095.00,Mfr. Building/MH Install.
Architecture & Construction,Construction,47-5042.00,Mine Cutting & Channeling MO
Architecture & Construction,Construction,47-5049.00,Mining MOs 
Architecture & Construction,Construction,47-2073.00,Op. Engineers & Other Constr. Eqp. Ops
Architecture & Construction,Construction,47-2141.00,"Paint., Constr. & Maint."
Architecture & Construction,Construction,47-2142.00,Paper
Architecture & Construction,Construction,47-2071.00,"Paving, Surf., & Tamp. Eqp. Ops"
Architecture & Construction,Construction,47-2072.00,Pile-Driver Opr.
Architecture & Construction,Construction,47-2152.01,Pipe Fitters & Steamfitters
Architecture & Construction,Construction,47-2151.00,Pipelay.
Architecture & Construction,Construction,47-2161.00,Plaster & Stucco Masons
Architecture & Construction,Construction,47-2152.02,Plumbers
Architecture & Construction,Construction,47-2152.00,"Plumbers, Pipefit, & Steamfitters"
Architecture & Construction,Construction,47-2171.00,Reinforcing Iron & Rebar Wkrs.
Architecture & Construction,Construction,49-9096.00,Riggers
Architecture & Construction,Construction,47-5051.00,"Rock Splitters, Quarry"
Architecture & Construction,Construction,47-5061.00,"Roof Bolters, Mining"
Architecture & Construction,Construction,47-2181.00,Roofers
Architecture & Construction,Construction,47-5012.00,"Rotary Drill Opr., Oil & Gas"
Architecture & Construction,Construction,47-2031.02,Rough Carpenters
Architecture & Construction,Construction,47-5071.00,"Roustabouts, Oil & Gas"
Architecture & Construction,Construction,47-4091.00,Segmental Pavers
Architecture & Construction,Construction,47-5013.00,"Svc. Unit Opr., Oil, Gas, & Mining"
Architecture & Construction,Construction,47-2211.00,Sheet Metal Wkrs.
Architecture & Construction,Construction,47-1011.03,Solar Energy Installation Mgrs.
Architecture & Construction,Construction,47-2231.00,Solar Photovoltaic Installers
Architecture & Construction,Construction,47-2022.00,Stonemasons
Architecture & Construction,Construction,47-2221.00,Structural Iron & Steel Wkrs.
Architecture & Construction,Construction,51-2041.00,Structural Metal Fabricators & Fitters
Architecture & Construction,Construction,47-2082.00,Tapers
Architecture & Construction,Construction,47-2053.00,Terrazzo Wkrs. & Finishers
Architecture & Construction,Construction,47-2044.00,Tile & Marble Set.
Architecture & Construction,Design/Pre-Construction,17-1011.00,"Architects, Except L&scape & Naval"
Architecture & Construction,Design/Pre-Construction,17-3011.00,Architectural & Civil Drafters
Architecture & Construction,Design/Pre-Construction,17-3011.01,Architectural Drafters
Architecture & Construction,Design/Pre-Construction,17-3011.02,Civil Drafters
Architecture & Construction,Design/Pre-Construction,17-3022.00,Civil Engineering Tech.
Architecture & Construction,Design/Pre-Construction,17-2051.00,Civil Engineers
Architecture & Construction,Design/Pre-Construction,13-1051.00,Cost Estimators
Architecture & Construction,Design/Pre-Construction,17-1022.01,Geodetic Surveyors
Architecture & Construction,Design/Pre-Construction,27-1025.00,Interior Designers
Architecture & Construction,Design/Pre-Construction,17-1012.00,L&scape Architects
Architecture & Construction,Design/Pre-Construction,17-3031.02,Mapping Tech.
Architecture & Construction,Design/Pre-Construction,17-3031.00,Surveying & Mapping Tech.
Architecture & Construction,Design/Pre-Construction,17-3031.01,Surveying Tech.
Architecture & Construction,Design/Pre-Construction,17-1022.00,Surveyors
Architecture & Construction,Design/Pre-Construction,17-2051.01,Transp. Engineers
Architecture & Construction,Maintenance/Operations,47-2011.00,Boilermakers
Architecture & Construction,Maintenance/Operations,49-9092.00,Commercial Divers
Architecture & Construction,Maintenance/Operations,47-4099.00,Constr. & Related Wkrs. 
Architecture & Construction,Maintenance/Operations,49-9012.00,Cont./Valve Install. & Rep. 
Architecture & Construction,Maintenance/Operations,49-9051.00,Electrical Power-Line Installers & Rep.
Architecture & Construction,Maintenance/Operations,47-4021.00,Elevator Installers & Rep.
Architecture & Construction,Maintenance/Operations,37-1012.00,Landscp & Lawn Serv. Wkrs. Sup. 
Architecture & Construction,Maintenance/Operations,37-3019.00,Grounds Maint. Wkrs. 
Architecture & Construction,Maintenance/Operations,49-9021.01,Heating & AC Mech. & Installers
Architecture & Construction,Maintenance/Operations,49-9021.00,"Heat, AC, & Refrig. Mech. & Install."
Architecture & Construction,Maintenance/Operations,49-9098.00,"Install., Maint., & Repair Wkrs."
Architecture & Construction,Maintenance/Operations,47-4051.00,Highway Maint. Wkrs.
Architecture & Construction,Maintenance/Operations,37-3011.00,L&scaping & Groundskeeping Wkrs.
Architecture & Construction,Maintenance/Operations,49-9011.00,Mechanical Door Rep.
Architecture & Construction,Maintenance/Operations,49-9044.00,Millwrights
Architecture & Construction,Maintenance/Operations,49-9045.00,Refract. Mat. Rep. (excl. brickmason)
Architecture & Construction,Maintenance/Operations,49-9021.02,Refrig. Mech. & Installers
Architecture & Construction,Maintenance/Operations,47-4071.00,Sept. Tank Svc./Sew. Pipe Cleaners
Architecture & Construction,Maintenance/Operations,47-4099.02,Solar Thermal Installers & Tech.
Architecture & Construction,Maintenance/Operations,51-8021.00,Stationary Engineers & Boiler Opr.
Architecture & Construction,Maintenance/Operations,47-4099.03,Weatherization Installers & Tech.
"Arts, Audio/Video Tech. & Comm.",Journalism & Broadcasting,27-4011.00,Audio/Video Equip.Tech.
"Arts, Audio/Video Tech. & Comm.",Journalism & Broadcasting,27-3021.00,Broadcast News Analysts
"Arts, Audio/Video Tech. & Comm.",Journalism & Broadcasting,27-4012.00,Broadcast Tech.
"Arts, Audio/Video Tech. & Comm.",Journalism & Broadcasting,27-4031.00,"Camera Opr., TV Video, & Motion Pict."
"Arts, Audio/Video Tech. & Comm.",Journalism & Broadcasting,27-3043.04,Copy Writers
"Arts, Audio/Video Tech. & Comm.",Journalism & Broadcasting,27-3041.00,Editors
"Arts, Audio/Video Tech. & Comm.",Journalism & Broadcasting,27-4032.00,Film & Video Editors
"Arts, Audio/Video Tech. & Comm.",Journalism & Broadcasting,27-4099.00,Media/Comm. Eqp. Wkrs. 
"Arts, Audio/Video Tech. & Comm.",Journalism & Broadcasting,27-3099.00,Media/Comm. Eqp. Wkrs. 
"Arts, Audio/Video Tech. & Comm.",Journalism & Broadcasting,27-4021.00,Photographers
"Arts, Audio/Video Tech. & Comm.",Journalism & Broadcasting,27-3043.05,"Poets, Lyricists & Creative Writers"
"Arts, Audio/Video Tech. & Comm.",Journalism & Broadcasting,27-3011.00,Radio & Television Announcers
"Arts, Audio/Video Tech. & Comm.",Journalism & Broadcasting,27-4013.00,Radio Opr.
"Arts, Audio/Video Tech. & Comm.",Journalism & Broadcasting,27-3022.00,Reporters & Correspondents
"Arts, Audio/Video Tech. & Comm.",Journalism & Broadcasting,27-4014.00,Sound Engineering Tech.
"Arts, Audio/Video Tech. & Comm.",Journalism & Broadcasting,27-3042.00,Technical Writers
"Arts, Audio/Video Tech. & Comm.",Journalism & Broadcasting,27-3043.00,Writers & Authors
"Arts, Audio/Video Tech. & Comm.",Performing Arts,27-2011.00,Actors
"Arts, Audio/Video Tech. & Comm.",Performing Arts,13-1011.00,Agent/Bus. Mgr. 
"Arts, Audio/Video Tech. & Comm.",Performing Arts,27-2032.00,Choreographers
"Arts, Audio/Video Tech. & Comm.",Performing Arts,39-3092.00,Costume Attend.
"Arts, Audio/Video Tech. & Comm.",Performing Arts,27-2031.00,Dancers
"Arts, Audio/Video Tech. & Comm.",Performing Arts,27-2012.02,Director 
"Arts, Audio/Video Tech. & Comm.",Performing Arts,27-2099.00,Entertainers & Performers
"Arts, Audio/Video Tech. & Comm.",Performing Arts,39-5091.00,"Makeup Artists, Theat. & Perf."
"Arts, Audio/Video Tech. & Comm.",Performing Arts,27-2041.04,Music Composers & Arrangers
"Arts, Audio/Video Tech. & Comm.",Performing Arts,27-2041.01,Music Dir.
"Arts, Audio/Video Tech. & Comm.",Performing Arts,27-2041.00,Music Dir. & Composers
"Arts, Audio/Video Tech. & Comm.",Performing Arts,27-2042.00,Musicians & Singers
"Arts, Audio/Video Tech. & Comm.",Performing Arts,27-2042.02,"Musicians, Instrumental"
"Arts, Audio/Video Tech. & Comm.",Performing Arts,27-2012.01,Producers
"Arts, Audio/Video Tech. & Comm.",Performing Arts,27-2012.00,Producers & Dir.
"Arts, Audio/Video Tech. & Comm.",Performing Arts,27-2012.03,Program Dir.
"Arts, Audio/Video Tech. & Comm.",Performing Arts,27-3012.00,Public Address Sys/Other Announcers
"Arts, Audio/Video Tech. & Comm.",Performing Arts,27-2042.01,Singers
"Arts, Audio/Video Tech. & Comm.",Performing Arts,27-2012.04,Talent Dir.
"Arts, Audio/Video Tech. & Comm.",Performing Arts,27-2012.05,Technical Dir./Mgrs.
"Arts, Audio/Video Tech. & Comm.",Printing Technology,43-9031.00,Desktop Publishers
"Arts, Audio/Video Tech. & Comm.",Printing Technology,51-5111.00,Prepress Tech. & Wkrs.
"Arts, Audio/Video Tech. & Comm.",Printing Technology,51-5113.00,Print Binding & Finishing Wkrs.
"Arts, Audio/Video Tech. & Comm.",Printing Technology,51-5112.00,Printing Press Opr.
"Arts, Audio/Video Tech. & Comm.",Printing Technology,43-9081.00,Proofreaders & Copy Markers
"Arts, Audio/Video Tech. & Comm.",Telecommunications,49-2022.00,Telecomm. Eqp. Install & Rep.
"Arts, Audio/Video Tech. & Comm.",Telecommunications,49-9052.00,Telecomm. Line Installers & Rep.
"Arts, Audio/Video Tech. & Comm.",Visual Arts,27-1011.00,Art Dir.
"Arts, Audio/Video Tech. & Comm.",Visual Arts,27-1019.00,Artists & Related Wkrs. 
"Arts, Audio/Video Tech. & Comm.",Visual Arts,27-1021.00,Commercial & Industrial Designers
"Arts, Audio/Video Tech. & Comm.",Visual Arts,27-1012.00,Craft Artists
"Arts, Audio/Video Tech. & Comm.",Visual Arts,27-1029.00,Designers 
"Arts, Audio/Video Tech. & Comm.",Visual Arts,27-1022.00,Fashion Designers
"Arts, Audio/Video Tech. & Comm.",Visual Arts,27-1013.00,Fine Artists
"Arts, Audio/Video Tech. & Comm.",Visual Arts,27-1023.00,Floral Designers
"Arts, Audio/Video Tech. & Comm.",Visual Arts,27-1024.00,Graphic Designers
"Arts, Audio/Video Tech. & Comm.",Visual Arts,27-1014.00,Multimedia Artists & Animators
"Arts, Audio/Video Tech. & Comm.",Visual Arts,27-1027.00,Set & Exhibit Designers
Business Mgmt. & Admin.,Admin. Support,43-3031.00,"Bookkeep., Account., & Audit. Clerks"
Business Mgmt. & Admin.,Admin. Support,43-2099.00,Communications Eq. Op. 
Business Mgmt. & Admin.,Admin. Support,43-9011.00,Computer Opr.
Business Mgmt. & Admin.,Admin. Support,43-4021.00,Correspondence Clerks
Business Mgmt. & Admin.,Admin. Support,43-4051.00,Customer Svc. Representatives
Business Mgmt. & Admin.,Admin. Support,43-9021.00,Data Entry Keyers
Business Mgmt. & Admin.,Admin. Support,43-6011.00,Exec. Secretaries & Exec. Admin. Asst.
Business Mgmt. & Admin.,Admin. Support,43-4071.00,File Clerks
Business Mgmt. & Admin.,Admin. Support,43-1011.00,Office/Admin. Supp. Worker Sup.
Business Mgmt. & Admin.,Admin. Support,43-4161.00,"HR Asst., Except Payroll & Time"
Business Mgmt. & Admin.,Admin. Support,43-4199.00,Info. & Record Clerks 
Business Mgmt. & Admin.,Admin. Support,43-4111.00,"Interviewers, Except Eligibility & Loan"
Business Mgmt. & Admin.,Admin. Support,43-4121.00,"Library Asst., Clerical"
Business Mgmt. & Admin.,Admin. Support,43-9051.00,Mail Clerks & Mail Mach. Ops
Business Mgmt. & Admin.,Admin. Support,43-5081.02,Marking Clerks
Business Mgmt. & Admin.,Admin. Support,43-5041.00,"Meter Readers, Utilities"
Business Mgmt. & Admin.,Admin. Support,43-4141.00,New Accounts Clerks
Business Mgmt. & Admin.,Admin. Support,43-9199.00,Office & Admin. Support Wkrs. 
Business Mgmt. & Admin.,Admin. Support,43-9061.00,"Office Clerks, General"
Business Mgmt. & Admin.,Admin. Support,43-9071.00,"Office Mach. Opr., Except Computer"
Business Mgmt. & Admin.,Admin. Support,43-4151.00,Order Clerks
Business Mgmt. & Admin.,Admin. Support,43-5081.04,"Order Fillers, Wholesale & Retail Sales"
Business Mgmt. & Admin.,Admin. Support,43-4051.03,Patient Representatives
Business Mgmt. & Admin.,Admin. Support,43-3051.00,Payroll & Timekeeping Clerks
Business Mgmt. & Admin.,Admin. Support,43-5051.00,Post. Svc. Clerks
Business Mgmt. & Admin.,Admin. Support,43-5052.00,Post. Svc. Mail Carriers
Business Mgmt. & Admin.,Admin. Support,43-5053.00,"Post. Svc. Mail Sort, Process, & Proces MOs"
Business Mgmt. & Admin.,Admin. Support,43-3061.00,Procurement Clerks
Business Mgmt. & Admin.,Admin. Support,43-4171.00,Receptionists & Info. Clerks
Business Mgmt. & Admin.,Admin. Support,43-6014.00,Sec. & Admin. Asst. 
Business Mgmt. & Admin.,Admin. Support,43-5071.00,"Shipping, Receiving, & Traffic Clerks"
Business Mgmt. & Admin.,Admin. Support,43-5081.00,Stock Clerks & Order Fillers
Business Mgmt. & Admin.,Admin. Support,43-5081.01,"Stock Clerks, Sales Floor"
Business Mgmt. & Admin.,Admin. Support,43-5081.03,"Stock Clerks- Stockrm, Whs or Storage Yd"
Business Mgmt. & Admin.,Admin. Support,43-2011.00,"Switchboard Opr., Incl. Answering Svc."
Business Mgmt. & Admin.,Admin. Support,43-2021.00,Telephone Opr.
Business Mgmt. & Admin.,Admin. Support,43-9022.00,Word Processors & Typists
Business Mgmt. & Admin.,Bus. Info. Mgmt.,11-3021.00,Computer & Info. Systems Mgr
Business Mgmt. & Admin.,General Management,11-9199.11,Brownfield Redev. Spc. & Site Mgr
Business Mgmt. & Admin.,General Management,11-1011.00,Chief Executives
Business Mgmt. & Admin.,General Management,11-1011.03,Chief Sustainability Off.
Business Mgmt. & Admin.,General Management,11-9199.02,Compliance Mgrs.
Business Mgmt. & Admin.,General Management,11-1021.00,General & Operations Mgrs.
Business Mgmt. & Admin.,General Management,11-9199.03,Investment Fund Mgrs.
Business Mgmt. & Admin.,General Management,11-9199.08,Loss Prevention Mgrs.
Business Mgmt. & Admin.,General Management,11-9199.00,Mgrs. 
Business Mgmt. & Admin.,General Management,11-9199.01,Regulatory Affairs Mgrs.
Business Mgmt. & Admin.,General Management,11-9199.07,Security Mgrs.
Business Mgmt. & Admin.,General Management,11-9199.04,Supply Chain Mgrs.
Business Mgmt. & Admin.,General Management,11-9199.09,Wind Energy Operations Mgrs.
Business Mgmt. & Admin.,General Management,11-9199.10,Wind Energy Project Mgrs.
Business Mgmt. & Admin.,HR Mgmt.,11-3111.00,Compensation & Benefits Mgrs.
Business Mgmt. & Admin.,HR Mgmt.,13-1141.00,"Comp, Benefits, & Job Analysis Spc."
Business Mgmt. & Admin.,HR Mgmt.,11-3121.00,Human Resources Mgrs.
Business Mgmt. & Admin.,HR Mgmt.,13-1071.00,Human Resources Spc.
Business Mgmt. & Admin.,HR Mgmt.,13-1075.00,Labor Relations Spc.
Business Mgmt. & Admin.,HR Mgmt.,11-3131.00,Training & Development Mgrs.
Business Mgmt. & Admin.,HR Mgmt.,13-1151.00,Training & Development Spc.
Business Mgmt. & Admin.,Operations Management,11-3011.00,Administrative Svc.s Mgrs.
Business Mgmt. & Admin.,Operations Management,11-3051.03,Biofuels Production Mgrs.
Business Mgmt. & Admin.,Operations Management,11-3051.04,Biomass Power Plant Mgrs.
Business Mgmt. & Admin.,Operations Management,13-1199.04,Business Continuity Planners
Business Mgmt. & Admin.,Operations Management,13-1199.00,Business Operations Spc. 
Business Mgmt. & Admin.,Operations Management,13-1199.03,Customs Brokers
Business Mgmt. & Admin.,Operations Management,13-1199.01,Energy Auditors
Business Mgmt. & Admin.,Operations Management,13-1131.00,Fundraisers
Business Mgmt. & Admin.,Operations Management,11-3051.02,Geothermal Production Mgrs.
Business Mgmt. & Admin.,Operations Management,11-3051.06,Hydroelectric Production Mgrs.
Business Mgmt. & Admin.,Operations Management,11-3051.00,Industrial Production Mgrs.
Business Mgmt. & Admin.,Operations Management,13-1111.00,Management Analysts
Business Mgmt. & Admin.,Operations Management,13-1121.00,"Meet., Conv., & Event Planners"
Business Mgmt. & Admin.,Operations Management,11-3051.05,Methane/Landfill Gas Coll. System Ops
Business Mgmt. & Admin.,Operations Management,13-1199.06,Online Merchants
Business Mgmt. & Admin.,Operations Management,15-2031.00,Operations Research Analysts
Business Mgmt. & Admin.,Operations Management,11-3061.00,Purchasing Mgrs.
Business Mgmt. & Admin.,Operations Management,11-3051.01,Quality Cont. Systems Mgrs.
Business Mgmt. & Admin.,Operations Management,13-1199.02,Security Management Spc.
Business Mgmt. & Admin.,Operations Management,13-1199.05,Sustainability Spc.
Education & Training,Administration & Admin. Support,11-9039.01,Distance Learning Coordinators
Education & Training,Administration & Admin. Support,11-9039.00,Educ. Admin. 
Education & Training,Administration & Admin. Support,11-9032.00,"Educ. Admin., Elemen & Second School"
Education & Training,Administration & Admin. Support,11-9033.00,Educ. Admin. Postsecondary
Education & Training,Administration & Admin. Support,11-9031.00,"Educ. Admin., PreK & Childcare Center"
Education & Training,Administration & Admin. Support,11-9039.02,Fitness & Wellness Coordinators
Education & Training,Professional Support Services,25-4011.00,Archivists
Education & Training,Professional Support Services,25-9011.00,Audio-Visual & MM Collections Spc.
Education & Training,Professional Support Services,25-4012.00,Curators
Education & Training,Professional Support Services,21-1012.00,"Educat., Guid., School, & Vocat Couns."
Education & Training,Professional Support Services,25-9031.00,Instructional Coordinators
Education & Training,Professional Support Services,25-9031.01,Instructional Designers & Tech.
Education & Training,Professional Support Services,27-3091.00,Interpreters & Translators
Education & Training,Professional Support Services,25-4021.00,Librarians
Education & Training,Professional Support Services,25-4031.00,Library Tech.
Education & Training,Professional Support Services,25-4013.00,Museum Tech. & Conservators
Education & Training,Teaching/Training,25-2059.01,Adapted Physical Education Spc.
Education & Training,Teaching/Training,25-3011.00,Adult Educa. & Literacy Teachers
Education & Training,Teaching/Training,25-1041.00,"Agricultural Sciences Teachers, PS"
Education & Training,Teaching/Training,25-1061.00,"Anthrop. & Arch. Teachers, PS"
Education & Training,Teaching/Training,25-1031.00,"Architecture Teachers, PS"
Education & Training,Teaching/Training,25-1062.00,"Area, Ethnic, & Cultural Studies, PS"
Education & Training,Teaching/Training,25-1121.00,"Art, Drama, & Music Teachers, PS"
Education & Training,Teaching/Training,25-1051.00,"Atmos., Earth, Marine, & Space Sci., PS"
Education & Training,Teaching/Training,25-1042.00,"Biological Science Teachers, PS"
Education & Training,Teaching/Training,25-1011.00,"Business Teachers, PS"
Education & Training,Teaching/Training,25-2023.00,"Career/Technical Educ. Teachers, MS"
Education & Training,Teaching/Training,25-2032.00,"Career/Tech. Educ. Teachers, Second School"
Education & Training,Teaching/Training,25-1052.00,"Chemistry Teachers, PS"
Education & Training,Teaching/Training,27-2022.00,Coaches & Scouts
Education & Training,Teaching/Training,25-1122.00,"Communications Teachers, PS"
Education & Training,Teaching/Training,25-1021.00,"Computer Science Teachers, PS"
Education & Training,Teaching/Training,25-1111.00,"Crim. Justice & Law Enforc. Teachers, PS"
Education & Training,Teaching/Training,25-1063.00,"Economics Teachers, PS"
Education & Training,Teaching/Training,25-1081.00,"Education Teachers, PS"
Education & Training,Teaching/Training,25-9099.00,"Education, Training, & Library Wkrs. "
Education & Training,Teaching/Training,25-2021.00,"Element. School Teachers, Except SpEd"
Education & Training,Teaching/Training,25-1032.00,"Engineering Teachers, PS"
Education & Training,Teaching/Training,25-1123.00,"English Language & Lit. Teachers, PS"
Education & Training,Teaching/Training,25-1053.00,"Envir.Science Teachers, PS"
Education & Training,Teaching/Training,25-9021.00,Farm & Home Management Advisors
Education & Training,Teaching/Training,25-1124.00,"Foreign Language & Lit. Teachers, PS"
Education & Training,Teaching/Training,25-1043.00,"Forest & Consv. Science Teachers, PS"
Education & Training,Teaching/Training,25-1064.00,"Geography Teachers, PS"
Education & Training,Teaching/Training,25-1191.00,Graduate Teaching Asst.
Education & Training,Teaching/Training,25-1071.00,"Health Specialties Teachers, PS"
Education & Training,Teaching/Training,25-1125.00,"History Teachers, PS"
Education & Training,Teaching/Training,25-1192.00,"Home Economics Teachers, PS"
Education & Training,Teaching/Training,25-2012.00,"Kindergarten Teachers, Except SpEd"
Education & Training,Teaching/Training,25-1112.00,"Law Teachers, PS"
Education & Training,Teaching/Training,25-1082.00,"Library Science Teachers, PS"
Education & Training,Teaching/Training,25-1022.00,"Mathematical Science Teachers, PS"
Education & Training,Teaching/Training,25-2022.00,"MS Teachers, Except SpEd & Career/Tech"
Education & Training,Teaching/Training,25-1072.00,"Nursing Instructors & Teachers, PS"
Education & Training,Teaching/Training,25-1126.00,"Philosophy & Religion Teachers, PS"
Education & Training,Teaching/Training,25-1054.00,"Physics Teachers, PS"
Education & Training,Teaching/Training,25-1065.00,"Political Science Teachers, PS"
Education & Training,Teaching/Training,25-1199.00,PS Teachers 
Education & Training,Teaching/Training,25-2011.00,"Preschool Teachers, Except SpEd"
Education & Training,Teaching/Training,25-1066.00,"Psychology Teachers, PS"
Education & Training,Teaching/Training,25-1193.00,"Recreation & Fitness Studies Teachers, PS"
Education & Training,Teaching/Training,25-2031.00,"Second. School, Except SpEd & Tech. Educ."
Education & Training,Teaching/Training,25-3021.00,Self-Enrichment Education Teachers
Education & Training,Teaching/Training,25-1069.00,"Social Sciences Teachers, PS "
Education & Training,Teaching/Training,25-1113.00,"Social Work Teachers, PS"
Education & Training,Teaching/Training,25-1067.00,"Sociology Teachers, PS"
Education & Training,Teaching/Training,25-2059.00,SpEd Teachers 
Education & Training,Teaching/Training,25-2052.00,"SpEd Teachers, Kindergarten & Elem."
Education & Training,Teaching/Training,25-2053.00,"SpEd Teachers, Middle School"
Education & Training,Teaching/Training,25-2051.00,"SpEd Teachers, Preschool"
Education & Training,Teaching/Training,25-2054.00,"SpEd Teachers, Secondary School"
Education & Training,Teaching/Training,25-9041.00,Teacher Asst.
Education & Training,Teaching/Training,25-3099.00,Teachers & Instructors 
Education & Training,Teaching/Training,25-3099.02,Tutors
Education & Training,Teaching/Training,25-1194.00,"Vocational Education Teachers, PS"
Finance,Accounting,13-2011.01,Accountants
Finance,Accounting,13-2011.00,Accountants & Auditors
Finance,Accounting,13-2011.02,Auditors
Finance,Banking Services,43-3011.00,Bill & Account Collectors
Finance,Banking Services,13-2041.00,Credit Analysts
Finance,Banking Services,43-4041.01,Credit Authorizers
Finance,Banking Services,43-4041.00,"Credit Authorizers, Checkers, & Clerks"
Finance,Banking Services,43-4041.02,Credit Checkers
Finance,Banking Services,43-3099.00,Financial Clerks 
Finance,Banking Services,43-4131.00,Loan Interviewers & Clerks
Finance,Banking Services,13-2072.00,Loan Off.
Finance,Banking Services,43-3071.00,Tellers
Finance,Business Finance,13-2031.00,Budget Analysts
Finance,Business Finance,13-2051.00,Financial Analysts
Finance,Business Finance,11-3031.00,Financial Mgrs.
Finance,Business Finance,11-3031.02,"Financial Mgrs., Branch or Dept."
Finance,Business Finance,13-2082.00,Tax Preparers
Finance,Business Finance,11-3031.01,Treasurers & Cont.lers
Finance,Insurance,15-2011.00,Actuaries
Finance,Insurance,13-1031.00,"Claims Adjusters, Examiners, & Invest."
Finance,Insurance,13-1031.01,"Claims Examin., Prop & Casualty Ins."
Finance,Insurance,13-1031.02,"Ins. Adjusters, Examiners, & Invest."
Finance,Insurance,13-1032.00,"Ins. Appraisers, Auto Damage"
Finance,Insurance,43-9041.00,Ins. Claims & Policy Processing Clerks
Finance,Insurance,43-9041.01,Ins. Claims Clerks
Finance,Insurance,43-9041.02,Ins. Policy Processing Clerks
Finance,Insurance,41-3021.00,Ins. Sales Agents
Finance,Insurance,13-2053.00,Ins. Underwriters
Finance,Securities & Investments,43-4011.00,Brokerage Clerks
Finance,Securities & Investments,13-2099.01,Financial Quantitative Analysts
Finance,Securities & Investments,13-2099.00,Financial Spc. 
Finance,Securities & Investments,13-2099.04,"Fraud Examiners, Invest. & Analysts"
Finance,Securities & Investments,13-2099.03,Investment Underwriters
Finance,Securities & Investments,13-2052.00,Personal Financial Advisors
Finance,Securities & Investments,13-2099.02,Risk Management Spc.
Finance,Securities & Investments,41-3031.02,"Sales Agents, Financial Svc"
Finance,Securities & Investments,41-3031.01,"Sales Agents, Sec & Comm"
Finance,Securities & Investments,41-3031.03,Securities & Commodities Traders
Finance,Securities & Investments,41-3031.00,"Sec., Comm., & Fin. Svc. Sales Agents"
Govt. & Public Admin.,Governance,53-6051.01,Aviation Inspectors
Govt. & Public Admin.,Governance,13-1041.00,Compliance Off.
Govt. & Public Admin.,Governance,13-1041.06,Coroners
Govt. & Public Admin.,Governance,13-1041.01,Envir.Compliance Inspectors
Govt. & Public Admin.,Governance,13-1041.03,Equal Opp Reps & Off.
Govt. & Public Admin.,Governance,13-2061.00,Financial Examiners
Govt. & Public Admin.,Governance,53-6051.08,Freight & Cargo Inspectors
Govt. & Public Admin.,Governance,13-1041.04,Govt. Property Inspectors & Invest.
Govt. & Public Admin.,Governance,11-1031.00,Legislators
Govt. & Public Admin.,Governance,13-1041.02,Licensing Examiners & Inspectors
Govt. & Public Admin.,Governance,13-1041.07,Regulatory Affairs Spc.
Govt. & Public Admin.,Governance,53-6051.00,Transp. Inspectors
Govt. & Public Admin.,Governance,53-6051.07,"Transp. Vehicle, Equip. & Systems Insp."
Govt. & Public Admin.,National Security,55-3011.00,Air Crew Mbr.
Govt. & Public Admin.,National Security,55-1011.00,Air Crew Off.
Govt. & Public Admin.,National Security,55-1012.00,Aircraft Launch & Recovery Off.
Govt. & Public Admin.,National Security,55-3012.00,Aircraft Launch & Recovery Spc.
Govt. & Public Admin.,National Security,55-3013.00,Armored Assault Vehicle Crew Mbr.
Govt. & Public Admin.,National Security,55-1013.00,Armored Assault Vehicle Off.
Govt. & Public Admin.,National Security,55-3014.00,Artillery & Missile Crew Mbr.
Govt. & Public Admin.,National Security,55-1014.00,Artillery & Missile Off.
Govt. & Public Admin.,National Security,55-1015.00,Comm& & Cont. Center Off.
Govt. & Public Admin.,National Security,55-3015.00,Comm& & Cont. Center Spc.
Govt. & Public Admin.,National Security,55-2011.00,Air Crew Sup.
Govt. & Public Admin.,National Security,55-2013.00,Tactical Ops Specialist Sup.
Govt. & Public Admin.,National Security,55-2012.00,Weapons Spc./Crew Mbr. Sup.
Govt. & Public Admin.,National Security,55-3016.00,Infantry
Govt. & Public Admin.,National Security,55-1016.00,Infantry Off.
Govt. & Public Admin.,National Security,55-3019.00,"Mil. Enl Tact Ops, Air/Weapons Spec."
Govt. & Public Admin.,National Security,55-1019.00,Mil. Ofc. Spec. & Tact. Ops Leaders
Govt. & Public Admin.,National Security,55-3017.00,Radar & Sonar Tech.
Govt. & Public Admin.,National Security,55-3018.00,Special Forces
Govt. & Public Admin.,National Security,55-1017.00,Special Forces Off.
Govt. & Public Admin.,National Security,33-9093.00,Transp. Security Screeners
Govt. & Public Admin.,Planning,43-9111.01,Bioinformatics Tech.
Govt. & Public Admin.,Planning,43-9111.00,Statistical Asst.
Govt. & Public Admin.,Planning,19-3051.00,Urban & Regional Planners
Govt. & Public Admin.,Public Mgmt. & Admin.,43-4031.01,Court Clerks
Govt. & Public Admin.,Public Mgmt. & Admin.,43-4031.00,"Court, Municipal, & License Clerks"
Govt. & Public Admin.,Public Mgmt. & Admin.,43-4061.00,"Eligibility Interviewers, Govt. Prog."
Govt. & Public Admin.,Public Mgmt. & Admin.,11-9161.00,Emergency Management Dir.
Govt. & Public Admin.,Public Mgmt. & Admin.,43-4031.03,License Clerks
Govt. & Public Admin.,Public Mgmt. & Admin.,43-4031.02,Municipal Clerks
Govt. & Public Admin.,Public Mgmt. & Admin.,11-9131.00,Postmasters & Mail Superintendents
Govt. & Public Admin.,Regulation,45-2011.00,Agricultural Inspectors
Govt. & Public Admin.,Regulation,47-4011.00,Constr. & Building Inspectors
Govt. & Public Admin.,Regulation,29-9011.00,OHS Spc.
Govt. & Public Admin.,Regulation,29-9012.00,OHS Tech.
Govt. & Public Admin.,Revenue & Taxation,13-2021.00,Real Estate Appraiser/Assessor
Govt. & Public Admin.,Revenue & Taxation,13-2021.02,"Appraisers, Real Estate"
Govt. & Public Admin.,Revenue & Taxation,13-2021.01,Assessors
Govt. & Public Admin.,Revenue & Taxation,13-2081.00,"Tax Exam./Col., & Rev. Agents"
Health Science,Biotech. Research & Devel.,17-2031.00,Biomedical Engineers
Health Science,Biotech. Research & Devel.,19-1042.00,"Medical Scientists, Except Epidem."
Health Science,Diagnostic Services,29-2031.00,Cardiovascular Tech. & Tech.
Health Science,Diagnostic Services,29-2011.01,Cytogenetic Tech.
Health Science,Diagnostic Services,29-2011.02,CytoTech.
Health Science,Diagnostic Services,29-2032.00,Diagnostic Medical Sonographers
Health Science,Diagnostic Services,19-1041.00,Epidemiologists
Health Science,Diagnostic Services,29-2099.00,Health Tech. & Tech. 
Health Science,Diagnostic Services,29-2011.03,HistoTech. & Histologic Tech.
Health Science,Diagnostic Services,29-2035.00,MRI Tech.
Health Science,Diagnostic Services,29-2012.00,Medical & Clinical Lab. Tech.
Health Science,Diagnostic Services,29-2011.00,Medical & Clinical Lab. Tech.
Health Science,Diagnostic Services,29-2099.01,Neurodiagnostic Tech.
Health Science,Diagnostic Services,29-2033.00,Nuclear Medicine Tech.
Health Science,Diagnostic Services,29-2099.05,Ophthalmic Medical Tech.
Health Science,Diagnostic Services,29-2099.06,Radiologic Tech.
Health Science,Diagnostic Services,29-2034.00,Radiologic Tech.
Health Science,Diagnostic Services,29-2099.07,Surgical Asst.
Health Science,Diagnostic Services,29-2056.00,Vet. Tech. & Tech.
Health Science,Health Informatics,29-2071.00,Medical Records/Health Info. Tech.
Health Science,Health Informatics,43-6013.00,Medical Secretaries
Health Science,Health Informatics,31-9094.00,Medical Transcriptionists
Health Science,Support Services,31-9099.02,Endoscopy Tech.
Health Science,Support Services,31-9099.00,Healthcare Support Wkrs. 
Health Science,Support Services,11-9111.00,Medical & Health Svc.s Mgrs.
Health Science,Support Services,31-9093.00,Medical Equip.Preparers
Health Science,Support Services,31-1015.00,Orderlies
Health Science,Support Services,31-9095.00,Pharmacy Aides
Health Science,Support Services,31-9097.00,Phlebotomists
Health Science,Support Services,31-9099.01,Speech-Language Pathology Asst.
Health Science,Support Services,31-9096.00,Vet. Asst. & Lab. Animal Caretakers
Health Science,Therapeutic Services,29-1199.01,Acupuncturists
Health Science,Therapeutic Services,29-1141.01,Acute Care Nurses
Health Science,Therapeutic Services,29-1141.02,Practice Psychiatric Nurses
Health Science,Therapeutic Services,29-1069.01,Allergists & Immunologists
Health Science,Therapeutic Services,29-1071.01,Anesthesiologist Asst.
Health Science,Therapeutic Services,29-1061.00,Anesthesiologists
Health Science,Therapeutic Services,29-1125.01,Art Therapists
Health Science,Therapeutic Services,29-9091.00,Athletic Trainers
Health Science,Therapeutic Services,29-1181.00,Audiologists
Health Science,Therapeutic Services,29-1011.00,Chiropractors
Health Science,Therapeutic Services,29-1141.04,Clinical Nurse Spc.
Health Science,Therapeutic Services,29-1141.03,Critical Care Nurses
Health Science,Therapeutic Services,31-9091.00,Dental Asst.
Health Science,Therapeutic Services,29-2021.00,Dental Hygienists
Health Science,Therapeutic Services,29-1029.00,Dentists  Spc.
Health Science,Therapeutic Services,29-1021.00,"Dentists, General"
Health Science,Therapeutic Services,29-1069.02,Dermatologists
Health Science,Therapeutic Services,29-2051.00,Dietetic Tech.
Health Science,Therapeutic Services,29-1031.00,Dietitians & Nutritionists
Health Science,Therapeutic Services,29-1128.00,Exercise Physiologists
Health Science,Therapeutic Services,29-1062.00,Family & General Pract.
Health Science,Therapeutic Services,29-9092.00,Genetic Counselors
Health Science,Therapeutic Services,29-1199.00,Health Diagnos. & Treating Pract.
Health Science,Therapeutic Services,29-9099.00,Healthcare Pract. & Technical Wkrs.
Health Science,Therapeutic Services,29-2092.00,Hearing Aid Spc.
Health Science,Therapeutic Services,31-1011.00,Home Health Aides
Health Science,Therapeutic Services,29-1069.03,Hospitalists
Health Science,Therapeutic Services,29-1063.00,"Internists, General"
Health Science,Therapeutic Services,29-2061.00,LPN/LVN
Health Science,Therapeutic Services,29-1122.01,"LVTs, Orient. & Mobility Spc., & VRT"
Health Science,Therapeutic Services,31-9092.00,Medical Asst.
Health Science,Therapeutic Services,29-9099.01,Midwives
Health Science,Therapeutic Services,29-1125.02,Music Therapists
Health Science,Therapeutic Services,29-1199.04,Naturopathic Physicians
Health Science,Therapeutic Services,29-1069.04,Neurologists
Health Science,Therapeutic Services,29-1069.05,Nuclear Medicine Physicians
Health Science,Therapeutic Services,29-1151.00,Nurse Anesthetists
Health Science,Therapeutic Services,29-1161.00,Nurse Midwives
Health Science,Therapeutic Services,29-1171.00,Nurse Pract.
Health Science,Therapeutic Services,31-1014.00,Nursing Asst.
Health Science,Therapeutic Services,29-1064.00,Obstetricians & Gynecologists
Health Science,Therapeutic Services,29-1122.00,Occupational Therapists
Health Science,Therapeutic Services,31-2012.00,Occupational Therapy Aides
Health Science,Therapeutic Services,31-2011.00,Occupational Therapy Asst.
Health Science,Therapeutic Services,29-2057.00,Ophthalmic Medical Tech.
Health Science,Therapeutic Services,29-1069.06,Ophthalmologists
Health Science,Therapeutic Services,29-2081.00,"Opticians, Dispensing"
Health Science,Therapeutic Services,29-1041.00,Optometrists
Health Science,Therapeutic Services,29-1022.00,Oral & Maxillofacial Surgeons
Health Science,Therapeutic Services,29-1023.00,Orthodontists
Health Science,Therapeutic Services,29-1199.05,Orthoptists
Health Science,Therapeutic Services,29-2091.00,Orthotists & Prosthetists
Health Science,Therapeutic Services,29-1069.07,Pathologists
Health Science,Therapeutic Services,29-1065.00,"Pediatricians, General"
Health Science,Therapeutic Services,29-1051.00,Pharmacists
Health Science,Therapeutic Services,29-2052.00,Pharmacy Tech.
Health Science,Therapeutic Services,29-1069.08,Physical Med. & Rehab. Physicians
Health Science,Therapeutic Services,31-2022.00,Physical Therapist Aides
Health Science,Therapeutic Services,31-2021.00,Physical Therapist Asst.
Health Science,Therapeutic Services,29-1123.00,Physical Therapists
Health Science,Therapeutic Services,29-1071.00,Physician Asst.
Health Science,Therapeutic Services,29-1069.00,Physicians & Surgeons 
Health Science,Therapeutic Services,29-1081.00,Podiatrists
Health Science,Therapeutic Services,29-1069.09,Preventive Medicine Physicians
Health Science,Therapeutic Services,29-1024.00,Prosthodontists
Health Science,Therapeutic Services,31-1013.00,Psychiatric Aides
Health Science,Therapeutic Services,29-2053.00,Psychiatric Tech.
Health Science,Therapeutic Services,29-1066.00,Psychiatrists
Health Science,Therapeutic Services,29-1124.00,Radiation Therapists
Health Science,Therapeutic Services,29-1069.10,Radiologists
Health Science,Therapeutic Services,29-1125.00,Recreational Therapists
Health Science,Therapeutic Services,29-1141.00,Registered Nurses
Health Science,Therapeutic Services,29-1126.00,Respiratory Therapists
Health Science,Therapeutic Services,29-2054.00,Respiratory Therapy Tech.
Health Science,Therapeutic Services,29-1127.00,Speech-Language Pathologists
Health Science,Therapeutic Services,29-1069.11,Sports Medicine Physicians
Health Science,Therapeutic Services,29-1067.00,Surgeons
Health Science,Therapeutic Services,29-2055.00,Surgical Tech.
Health Science,Therapeutic Services,29-1129.00,Therapists 
Health Science,Therapeutic Services,29-1069.12,Urologists
Health Science,Therapeutic Services,29-1131.00,Veterinarians
Hospitality & Tourism,Lodging,39-6011.00,Baggage Porters & Bellhops
Hospitality & Tourism,Lodging,37-2019.00,Building Cleaning Wkrs. 
Hospitality & Tourism,Lodging,39-6012.00,Concierges
Hospitality & Tourism,Lodging,37-1011.00,Housekeeping/Janitorial Sup.
Hospitality & Tourism,Lodging,43-4081.00,"Hotel, Motel, & Resort Desk Clerks"
Hospitality & Tourism,Lodging,37-2011.00,"Janitors & Cleaners, (excl. Housekeep)"
Hospitality & Tourism,Lodging,11-9081.00,Lodging Mgrs.
Hospitality & Tourism,Lodging,37-2012.00,Maids & Housekeeping Cleaners
Hospitality & Tourism,"Rec., Amusements, & Attrac.",39-3091.00,Amusement & Recreation Attend.
Hospitality & Tourism,"Rec., Amusements, & Attrac.",39-2011.00,Animal Trainers
Hospitality & Tourism,"Rec., Amusements, & Attrac.",27-2021.00,Athletes & Sports Competitors
Hospitality & Tourism,"Rec., Amusements, & Attrac.",39-3099.00,Entertainment Attend. & Related Wkrs.
Hospitality & Tourism,"Rec., Amusements, & Attrac.",39-3012.00,Gaming & Sports Book Writers/Runners
Hospitality & Tourism,"Rec., Amusements, & Attrac.",43-3041.00,Gaming Cage Wkrs.
Hospitality & Tourism,"Rec., Amusements, & Attrac.",41-2012.00,Gaming Change Persons & Booth Cashiers
Hospitality & Tourism,"Rec., Amusements, & Attrac.",39-3011.00,Gaming Dealers
Hospitality & Tourism,"Rec., Amusements, & Attrac.",11-9071.00,Gaming Mgrs.
Hospitality & Tourism,"Rec., Amusements, & Attrac.",39-3019.00,Gaming Svc. Wkrs. 
Hospitality & Tourism,"Rec., Amusements, & Attrac.",39-1011.00,Gaming Sup.
Hospitality & Tourism,"Rec., Amusements, & Attrac.",39-3021.00,Motion Picture Projectionists
Hospitality & Tourism,"Rec., Amusements, & Attrac.",39-9032.00,Recreation Wkrs.
Hospitality & Tourism,"Rec., Amusements, & Attrac.",39-1012.00,Slot Sup.
Hospitality & Tourism,"Rec., Amusements, & Attrac.",27-2023.00,"Umpires, Referees, & Other Officials"
Hospitality & Tourism,"Rec., Amusements, & Attrac.",39-3031.00,"Usher, Lobby Attend., & Ticket Take"
Hospitality & Tourism,Restaurants & Food/Bev. Serv.,51-3011.00,Bakers
Hospitality & Tourism,Restaurants & Food/Bev. Serv.,35-3022.01,Baristas
Hospitality & Tourism,Restaurants & Food/Bev. Serv.,35-3011.00,BarTend.
Hospitality & Tourism,Restaurants & Food/Bev. Serv.,35-1011.00,Chefs & Head Cooks
Hospitality & Tourism,Restaurants & Food/Bev. Serv.,35-3021.00,"Comb. Food Prep/Serv. Wkrs.,"
Hospitality & Tourism,Restaurants & Food/Bev. Serv.,35-2019.00,Cooks 
Hospitality & Tourism,Restaurants & Food/Bev. Serv.,35-2011.00,"Cooks, Fast Food"
Hospitality & Tourism,Restaurants & Food/Bev. Serv.,35-2012.00,"Cooks, Institution & Cafeteria"
Hospitality & Tourism,Restaurants & Food/Bev. Serv.,35-2013.00,"Cooks, Private Household"
Hospitality & Tourism,Restaurants & Food/Bev. Serv.,35-2014.00,"Cooks, Restaurant"
Hospitality & Tourism,Restaurants & Food/Bev. Serv.,35-2015.00,"Cooks, Short Order"
Hospitality & Tourism,Restaurants & Food/Bev. Serv.,35-3022.00,"Count. Attend., Cafe, Food Concess."
Hospitality & Tourism,Restaurants & Food/Bev. Serv.,35-9011.00,Din. Rm. & Cafe Attend. & Bartend Help
Hospitality & Tourism,Restaurants & Food/Bev. Serv.,35-9021.00,Dishwashers
Hospitality & Tourism,Restaurants & Food/Bev. Serv.,35-1012.00,Food Prep & Serving Sup.
Hospitality & Tourism,Restaurants & Food/Bev. Serv.,35-9099.00,Food Prep. & Serving Related Wkrs.
Hospitality & Tourism,Restaurants & Food/Bev. Serv.,35-2021.00,Food Prep. Wkrs.
Hospitality & Tourism,Restaurants & Food/Bev. Serv.,35-3041.00,"Food Servers, Nonrestaurant"
Hospitality & Tourism,Restaurants & Food/Bev. Serv.,11-9051.00,Food Svc. Mgrs.
Hospitality & Tourism,Restaurants & Food/Bev. Serv.,35-9031.00,Hosts/Hostesses
Hospitality & Tourism,Restaurants & Food/Bev. Serv.,35-3031.00,Waiters & Waitresses
Hospitality & Tourism,Travel & Tourism,43-4181.00,Reserv. & Transp. Ticket Agents 
Hospitality & Tourism,Travel & Tourism,39-7011.00,Tour Guides & Escorts
Hospitality & Tourism,Travel & Tourism,41-3041.00,Travel Agents
Hospitality & Tourism,Travel & Tourism,39-7012.00,Travel Guides
Human Services,Consumer Services,13-2071.00,Credit Counselors
Human Services,Consumer Services,13-2071.01,Loan Counselors
Human Services,Counseling/Ment. Health Serv.,19-3031.02,Clinical Psychol.
Human Services,Counseling/Ment. Health Serv.,19-3031.00,"Clinical, Counsel., & School Psychol."
Human Services,Counseling/Ment. Health Serv.,19-3031.03,Counseling Psychol.
Human Services,Counseling/Ment. Health Serv.,21-1019.00,Counselors 
Human Services,Counseling/Ment. Health Serv.,19-3032.00,Industrial-Organizational Psychol.
Human Services,Counseling/Ment. Health Serv.,21-1013.00,Marriage & Family Therapists
Human Services,Counseling/Ment. Health Serv.,21-1023.00,Ment. Health & Sub. Abuse Social Wkrs.
Human Services,Counseling/Ment. Health Serv.,21-1014.00,Mental Health Counselors
Human Services,Counseling/Ment. Health Serv.,19-3039.01,NeuroPsychol. & Clin.NeuroPsychol.
Human Services,Counseling/Ment. Health Serv.,19-3039.00,Psychol. 
Human Services,Counseling/Ment. Health Serv.,21-1015.00,Rehabilitation Counselors
Human Services,Counseling/Ment. Health Serv.,19-3031.01,School Psychol.
Human Services,Counseling/Ment. Health Serv.,21-1011.00,Subst. Abuse & Behav. Dis. Counselors
Human Services,Early Child. Dev. & Serv.,39-9011.00,Childcare Wkrs.
Human Services,Early Child. Dev. & Serv.,39-9011.01,Nannies
Human Services,Family & Community Services,21-1021.00,"Child, Family, & School Social Wkrs."
Human Services,Family & Community Services,21-2011.00,Clergy
Human Services,Family & Community Services,21-1099.00,Community & Social Svc. Spc. 
Human Services,Family & Community Services,21-1094.00,Community Health Wkrs.
Human Services,Family & Community Services,21-2021.00,"Dir., Religious Activities & Education"
Human Services,Family & Community Services,21-1091.00,Health Educators
Human Services,Family & Community Services,21-1022.00,Healthcare Social Wkrs.
Human Services,Family & Community Services,21-2099.00,Religious Wkrs. 
Human Services,Family & Community Services,11-9151.00,Social & Community Svc. Mgrs.
Human Services,Family & Community Services,21-1093.00,Social & Human Svc. Asst.
Human Services,Family & Community Services,21-1029.00,Social Wkrs. 
Human Services,Personal Care Services,39-5011.00,Barbers
Human Services,Personal Care Services,39-4011.00,Embalmers
Human Services,Personal Care Services,39-1021.00,First-Line Sup. of Personal Svc. Wkrs.
Human Services,Personal Care Services,39-9031.00,Fitness Trainers & Aerobics Instr.
Human Services,Personal Care Services,39-4021.00,Funeral Attend.
Human Services,Personal Care Services,11-9061.00,Funeral Svc. Mgrs.
Human Services,Personal Care Services,39-5012.00,"Hairdress., Hairstyl., & Cosmetol."
Human Services,Personal Care Services,51-6011.00,Laundry & Dry-Cleaning Wkrs.
Human Services,Personal Care Services,39-3093.00,"Locker Rm, Coatrm, Attend."
Human Services,Personal Care Services,39-5092.00,Manicurists & Pedicurists
Human Services,Personal Care Services,31-9011.00,Massage Therapists
Human Services,Personal Care Services,39-4031.00,"Morticians, Undertakers, & Funeral Dir."
Human Services,Personal Care Services,39-9021.00,Personal Care Aides
Human Services,Personal Care Services,39-9099.00,Personal Care & Svc. Wkrs. 
Human Services,Personal Care Services,51-6021.00,"Press, Text, Garm., & Related Materials"
Human Services,Personal Care Services,39-9041.00,Residential Advisors
Human Services,Personal Care Services,39-5093.00,Shampooers
Human Services,Personal Care Services,39-5094.00,Skincare Spc.
Human Services,Personal Care Services,39-1021.01,Spa Mgrs.
Human Services,Personal Care Services,51-6052.00,"Tailors, Dressmakers, & Custom Sewers"
Information Technology,Information Support & Services,15-1199.08,Business Intelligence Analysts
Information Technology,Information Support & Services,15-1199.00,Computer Occupations 
Information Technology,Information Support & Services,15-1199.02,Computer Systems Engineers/Architects
Information Technology,Information Support & Services,15-1151.00,Computer User Support Spc.
Information Technology,Information Support & Services,15-1199.07,Data Warehousing Spc.
Information Technology,Information Support & Services,15-1199.06,Database Architects
Information Technology,Information Support & Services,15-1199.12,Document Management Spc.
Information Technology,Information Support & Services,15-1199.05,Geographic Info. Systems Tech.
Information Technology,Information Support & Services,15-1199.04,Geospatial Info. Scientists & Tech.
Information Technology,Information Support & Services,15-1199.09,Info. Tech. Project Mgrs.
Information Technology,Information Support & Services,15-1199.10,Search Marketing Strategists
Information Technology,Information Support & Services,15-1199.01,Software Qual. Assur. Engineers & Testers
Information Technology,Information Support & Services,15-1199.11,Video Game Designers
Information Technology,Information Support & Services,15-1199.03,Web Administrators
Information Technology,Network Systems,15-1143.00,Computer Network Architects
Information Technology,Network Systems,15-1152.00,Computer Network Support Spc.
Information Technology,Network Systems,15-1141.00,Database Administrators
Information Technology,Network Systems,15-1122.00,Info. Security Analysts
Information Technology,Network Systems,15-1142.00,Network & Computer Systems Admin.
Information Technology,Network Systems,15-1143.01,Telecommunications Engineering Spc.
Information Technology,Programming/Software Dev.,15-1131.00,Computer Programmers
Information Technology,Programming/Software Dev.,15-1121.00,Computer Systems Analysts
Information Technology,Programming/Software Dev.,15-1121.01,Informatics Nurse Spc.
Information Technology,Programming/Software Dev.,15-1132.00,"Software Developers, Applications"
Information Technology,Programming/Software Dev.,15-1133.00,"Software Dev., Systems Software"
Information Technology,Web & Digital Communications,15-1134.00,Web Developers
"Law, Pub. Safety, Correc. & Sec.",Correction Services,33-3012.00,Correctional Off. & Jailers
"Law, Pub. Safety, Correc. & Sec.",Correction Services,33-1011.00,First-Line Sup. of Correctional Off.
"Law, Pub. Safety, Correc. & Sec.",Correction Services,21-1092.00,Prob. Off. & Correc. Treatment Spc.
"Law, Pub. Safety, Correc. & Sec.",Emer. & Fire Mgmt. Serv.,29-2041.00,EMT & Paramedics
"Law, Pub. Safety, Correc. & Sec.",Emer. & Fire Mgmt. Serv.,33-2021.01,Fire Inspectors
"Law, Pub. Safety, Correc. & Sec.",Emer. & Fire Mgmt. Serv.,33-2021.00,Fire Inspectors & Invest.
"Law, Pub. Safety, Correc. & Sec.",Emer. & Fire Mgmt. Serv.,33-2021.02,Fire Invest.
"Law, Pub. Safety, Correc. & Sec.",Emer. & Fire Mgmt. Serv.,33-2011.00,Firefighters
"Law, Pub. Safety, Correc. & Sec.",Emer. & Fire Mgmt. Serv.,33-1021.00,Fire Figting/Prevention Sup.
"Law, Pub. Safety, Correc. & Sec.",Emer. & Fire Mgmt. Serv.,33-1021.02,Forest Fire Fighting & Prevention Sup.
"Law, Pub. Safety, Correc. & Sec.",Emer. & Fire Mgmt. Serv.,33-2022.00,Forest Fire Insp. & Prevention Spc.
"Law, Pub. Safety, Correc. & Sec.",Emer. & Fire Mgmt. Serv.,33-2011.02,Forest Firefighters
"Law, Pub. Safety, Correc. & Sec.",Emer. & Fire Mgmt. Serv.,33-1021.01,Mun. Fire Fighting & Prev. Sup.
"Law, Pub. Safety, Correc. & Sec.",Emer. & Fire Mgmt. Serv.,33-2011.01,Municipal Firefighters
"Law, Pub. Safety, Correc. & Sec.",Emer. & Fire Mgmt. Serv.,43-5031.00,"Police, Fire, & Ambulance Dispatchers"
"Law, Pub. Safety, Correc. & Sec.",Law Enforcement Services,33-9011.00,Animal Cont. Wkrs.
"Law, Pub. Safety, Correc. & Sec.",Law Enforcement Services,33-3021.03,Criminal Invest. & Special Agents
"Law, Pub. Safety, Correc. & Sec.",Law Enforcement Services,33-3021.00,Detectives & Criminal Invest.
"Law, Pub. Safety, Correc. & Sec.",Law Enforcement Services,33-1012.00,First-Line Sup. of Police & Detectives
"Law, Pub. Safety, Correc. & Sec.",Law Enforcement Services,33-3031.00,Fish & Game Wardens
"Law, Pub. Safety, Correc. & Sec.",Law Enforcement Services,19-4092.00,Forensic Science Tech.
"Law, Pub. Safety, Correc. & Sec.",Law Enforcement Services,33-3021.05,Immigration & Customs Inspectors
"Law, Pub. Safety, Correc. & Sec.",Law Enforcement Services,33-3021.06,Intelligence Analysts
"Law, Pub. Safety, Correc. & Sec.",Law Enforcement Services,33-3041.00,Parking Enforcement Wkrs.
"Law, Pub. Safety, Correc. & Sec.",Law Enforcement Services,33-3051.00,Police & Sheriff's Patrol Off.
"Law, Pub. Safety, Correc. & Sec.",Law Enforcement Services,33-3021.01,Police Detectives
"Law, Pub. Safety, Correc. & Sec.",Law Enforcement Services,33-3021.02,Police Identification & Records Off.
"Law, Pub. Safety, Correc. & Sec.",Law Enforcement Services,33-3051.01,Police Patrol Off.
"Law, Pub. Safety, Correc. & Sec.",Law Enforcement Services,33-9021.00,Private Detectives & Invest.
"Law, Pub. Safety, Correc. & Sec.",Law Enforcement Services,33-3051.03,Sheriffs & Deputy Sheriffs
"Law, Pub. Safety, Correc. & Sec.",Law Enforcement Services,33-3052.00,Transit & Railroad Police
"Law, Pub. Safety, Correc. & Sec.",Legal Services,23-1021.00,"Admin. Law Judges, Adjud., & Hear Off."
"Law, Pub. Safety, Correc. & Sec.",Legal Services,23-1022.00,"Arbitrators, Mediators, & Conciliators"
"Law, Pub. Safety, Correc. & Sec.",Legal Services,23-2091.00,Court Reporters
"Law, Pub. Safety, Correc. & Sec.",Legal Services,23-1023.00,"Judges, Magistrate Judges, & Magis."
"Law, Pub. Safety, Correc. & Sec.",Legal Services,23-1012.00,Judicial Law Clerks
"Law, Pub. Safety, Correc. & Sec.",Legal Services,23-1011.00,Lawyers
"Law, Pub. Safety, Correc. & Sec.",Legal Services,43-6012.00,Legal Secretaries
"Law, Pub. Safety, Correc. & Sec.",Legal Services,23-2099.00,Legal Support Wkrs. 
"Law, Pub. Safety, Correc. & Sec.",Legal Services,23-2011.00,Paralegals & Legal Asst.
"Law, Pub. Safety, Correc. & Sec.",Legal Services,23-2093.00,"Title Examiners, Abstractors, & Searchers"
"Law, Pub. Safety, Correc. & Sec.",Security & Protective Services,33-3011.00,Bailiffs
"Law, Pub. Safety, Correc. & Sec.",Security & Protective Services,33-9091.00,Crossing Guards
"Law, Pub. Safety, Correc. & Sec.",Security & Protective Services,33-1099.00,Protective Svc. Wkrs. Sup.
"Law, Pub. Safety, Correc. & Sec.",Security & Protective Services,33-9031.00,Gaming Surveillance Off. & Gaming Invest.
"Law, Pub. Safety, Correc. & Sec.",Security & Protective Services,33-9092.00,"Lifeguards, Ski Patrol, & Other "
"Law, Pub. Safety, Correc. & Sec.",Security & Protective Services,33-9099.00,Protective Svc. Wkrs. 
"Law, Pub. Safety, Correc. & Sec.",Security & Protective Services,33-9099.02,Retail Loss Prevention Spc.
"Law, Pub. Safety, Correc. & Sec.",Security & Protective Services,33-9032.00,Security Guards
Manufacturing,"Maint., Install., & Repair",49-9061.00,Camera & Photographic Equip.Rep.
Manufacturing,"Maint., Install., & Repair",49-9091.00,"Coin, Vend, & Amuse. Mach. Serv./Rep."
Manufacturing,"Maint., Install., & Repair",49-2011.00,"Comp., Auto Teller, & Office Mach. Rep."
Manufacturing,"Maint., Install., & Repair",49-2092.00,"Electric Motor, Power Tool, & Related Rep."
Manufacturing,"Maint., Install., & Repair",49-2094.00,"Electronics Rep.,Comm. & Indust. Eqp."
Manufacturing,"Maint., Install., & Repair",49-2095.00,"Electronics Rep., Pwrhs., Subst. & Relay"
Manufacturing,"Maint., Install., & Repair",49-2097.00,Elect. Home Entertain. Eqp. Install. & Rep.
Manufacturing,"Maint., Install., & Repair",49-9093.00,"Fabric Menders, Except Garment"
Manufacturing,"Maint., Install., & Repair",49-1011.00,"Sup. of Mech., Installers, & Rep."
Manufacturing,"Maint., Install., & Repair",49-9099.01,Geothermal Tech.
Manufacturing,"Maint., Install., & Repair",49-9031.00,Home Appliance Rep.
Manufacturing,"Maint., Install., & Repair",49-9041.00,Industrial Mach. Mech.
Manufacturing,"Maint., Install., & Repair",49-9099.00,"Installation, Maint., & Repair Wkrs. "
Manufacturing,"Maint., Install., & Repair",49-9094.00,Locksmiths & Safe Rep.
Manufacturing,"Maint., Install., & Repair",49-9071.00,"Maint. & Repair Wkrs., General"
Manufacturing,"Maint., Install., & Repair",49-9043.00,"Maint. Wkrs., Mach."
Manufacturing,"Maint., Install., & Repair",51-9082.00,Medical Appliance Tech.
Manufacturing,"Maint., Install., & Repair",49-9062.00,Medical Equip.Rep.
Manufacturing,"Maint., Install., & Repair",49-9063.00,Musical Instrument Rep. & Tuners
Manufacturing,"Maint., Install., & Repair",49-3053.00,Outdoor Pwr Equip. & Other Small Eng. Mech.
Manufacturing,"Maint., Install., & Repair",49-9069.00,Precision Instrument & Equip.Rep. 
Manufacturing,"Maint., Install., & Repair",49-2021.01,Radio Mech.
Manufacturing,"Maint., Install., & Repair",49-2021.00,"Radio, Cell. & Tower Equip. Install. & Rep."
Manufacturing,"Maint., Install., & Repair",49-2098.00,Sec. & Fire Alarm Syst. Installers
Manufacturing,"Maint., Install., & Repair",49-9064.00,Watch Rep.
Manufacturing,"Maint., Install., & Repair",49-9081.00,Wind Turbine Svc. Tech.
Manufacturing,Manuf. Prod. Process Dev.,17-3021.00,Aerospace Engineering & Op. Tech.
Manufacturing,Manuf. Prod. Process Dev.,17-3027.01,Automotive Engineering Tech.
Manufacturing,Manuf. Prod. Process Dev.,19-4031.00,Chemical Tech.
Manufacturing,Manuf. Prod. Process Dev.,17-3019.00,Drafters 
Manufacturing,Manuf. Prod. Process Dev.,17-3023.00,Electrical & Electronic Engineer Tech.
Manufacturing,Manuf. Prod. Process Dev.,17-3012.00,Electrical & Electronics Drafters
Manufacturing,Manuf. Prod. Process Dev.,17-3012.02,Electrical Drafters
Manufacturing,Manuf. Prod. Process Dev.,17-3023.03,Electrical Engineering Tech.
Manufacturing,Manuf. Prod. Process Dev.,17-3029.02,Electrical Engineering Tech.
Manufacturing,Manuf. Prod. Process Dev.,17-3024.00,Electro-Mechanical Tech.
Manufacturing,Manuf. Prod. Process Dev.,17-3029.03,Electromechanical Engineering Tech.
Manufacturing,Manuf. Prod. Process Dev.,17-3012.01,Electronic Drafters
Manufacturing,Manuf. Prod. Process Dev.,17-3023.01,Electronics Engineering Tech.
Manufacturing,Manuf. Prod. Process Dev.,17-3029.04,Electronics Engineering Tech.
Manufacturing,Manuf. Prod. Process Dev.,17-3029.00,"Engineering Tech., Except Drafters "
Manufacturing,Manuf. Prod. Process Dev.,17-3029.10,Fuel Cell Tech.
Manufacturing,Manuf. Prod. Process Dev.,17-3026.00,Industrial Engineering Tech.
Manufacturing,Manuf. Prod. Process Dev.,17-3029.05,Industrial Engineering Tech.
Manufacturing,Manuf. Prod. Process Dev.,17-3029.06,Manufacturing Engineering Tech.
Manufacturing,Manuf. Prod. Process Dev.,17-3029.09,Manufacturing Production Tech.
Manufacturing,Manuf. Prod. Process Dev.,17-3013.00,Mechanical Drafters
Manufacturing,Manuf. Prod. Process Dev.,17-3027.00,Mechanical Engineering Tech.
Manufacturing,Manuf. Prod. Process Dev.,17-3029.07,Mechanical Engineering Tech.
Manufacturing,Manuf. Prod. Process Dev.,17-3029.12,Nanotechnology Engineering Tech.
Manufacturing,Manuf. Prod. Process Dev.,17-3029.11,Nanotechnology Engineering Tech.
Manufacturing,Manuf. Prod. Process Dev.,17-3029.01,Non-Destructive Testing Spc.
Manufacturing,Manuf. Prod. Process Dev.,19-4051.01,Nuclear Equip.Operation Tech.
Manufacturing,Manuf. Prod. Process Dev.,19-4051.02,Nuclear Monitoring Tech.
Manufacturing,Manuf. Prod. Process Dev.,19-4051.00,Nuclear Tech.
Manufacturing,Manuf. Prod. Process Dev.,17-3029.08,Photonics Tech.
Manufacturing,Manuf. Prod. Process Dev.,13-1023.00,"Purch. Agents, Except WHSL, Ret, & Farm Prod."
Manufacturing,Manuf. Prod. Process Dev.,17-3024.01,Robotics Tech.
Manufacturing,Production,51-9191.00,Adhesive Bonding Mach. Opr. & Tend.
Manufacturing,Production,51-2011.00,"Aircraft Struct., Surf., Rigg, & Syst. Assemb."
Manufacturing,Production,51-2099.00,Assemblers & Fabricators 
Manufacturing,Production,51-8099.01,Biofuels Processing Tech.
Manufacturing,Production,51-8099.03,Biomass Plant Tech.
Manufacturing,Production,51-3021.00,Butchers & Meat Cutters
Manufacturing,Production,51-7011.00,Cabinetmakers & Bench Carpenters
Manufacturing,Production,51-9011.00,Chemical Eq. Op. & Tend.
Manufacturing,Production,51-8091.00,Chemical Plant & System Opr.
Manufacturing,Production,51-9192.00,"Clean, Wash, & Metal Pick. Eq. Ops"
Manufacturing,Production,51-9121.00,"Coat, Paint, & Spray Mach. Set., Ops"
Manufacturing,Production,51-2021.00,"Coil Winders, Tapers, & Finishers"
Manufacturing,Production,51-4012.00,"CNC Mach. Tool Program., Met. & Plas."
Manufacturing,Production,51-4011.00,"Comp. Cont. Mach. Tool Opr., Met. & Plas."
Manufacturing,Production,51-9193.00,Cooling & Freezing Eq. Op. & Tend.
Manufacturing,Production,51-9021.00,"Crush, Grind, & Polish Mach. Set., Ops"
Manufacturing,Production,51-9031.00,"Cutters & Trimmers, Hand."
Manufacturing,Production,51-9032.00,"Cut & Slice Mach. Set., Opr., & Tend."
Manufacturing,Production,51-4031.00,"Cut, Punch, & Press Mach. Set., Ops"
Manufacturing,Production,51-9081.00,Dental Lab. Tech.
Manufacturing,Production,51-4032.00,"Drill Mach. Tool Set., Opr., Met. & Plas."
Manufacturing,Production,51-2022.00,Electrical & Electronic Equip .Assemblers
Manufacturing,Production,51-2023.00,Electromechanical Equip. Assemblers
Manufacturing,Production,51-2031.00,Engine & Other Mach. Assemblers
Manufacturing,Production,51-9194.00,Etchers & Engravers
Manufacturing,Production,51-4021.00,"Extr. & Draw Mach. Set., Met. & Plas."
Manufacturing,Production,51-6091.00,Forming Mach. Synth. & Glass Fibers
Manufacturing,Production,51-9041.00,"Extr., Forming, Pressing, & Mach.Ops"
Manufacturing,Production,51-6092.00,Fabric & Apparel Patternmakers
Manufacturing,Production,51-2091.00,Fiberglass Laminators & Fabricators
Manufacturing,Production,51-1011.00,Prod. & Operating Wkrs. Sup.
Manufacturing,Production,51-3091.00,"Food & Tobacco Roasting, Baking Mach. Ops"
Manufacturing,Production,51-3092.00,Food Batchmakers
Manufacturing,Production,51-3093.00,Food Cooking Mach. Opr. & Tend.
Manufacturing,Production,51-3099.00,Food Processing Wkrs. 
Manufacturing,Production,51-4022.00,"Forging Mach. Set., Ops Met. & Plas."
Manufacturing,Production,51-4071.00,Foundry Mold & Coremakers
Manufacturing,Production,51-9051.00,"Furnace, Kiln, Oven, Drier, & Kettle Ops"
Manufacturing,Production,51-7021.00,Furniture Finishers
Manufacturing,Production,51-8092.00,Gas Plant Opr.
Manufacturing,Production,51-9071.06,Gem & Diamond Wkrs.
Manufacturing,Production,51-9195.04,"Glass Blowers, Molders, Benders, & Finishers"
Manufacturing,Production,51-9022.00,"Grinding & Polishing Wkrs., H&"
Manufacturing,Production,51-4033.00,"Grind., Lap., Pol., & Buff. Mach. Tool Set."
Manufacturing,Production,51-4191.00,"Heat Treating Equip.Set., Opr., & Tend."
Manufacturing,Production,51-9198.00,Helpers--Production Wkrs.
Manufacturing,Production,51-8099.04,Hydroelectric Plant Tech.
Manufacturing,Production,51-9071.01,Jewelers
Manufacturing,Production,51-9071.00,Jewelers & Precious Stone & Metal Wkrs.
Manufacturing,Production,51-4034.00,"Lathe & Turning Mach. Tool Set., Oprs."
Manufacturing,Production,51-4192.00,"Layout Wkrs., Met. & Plas."
Manufacturing,Production,53-7063.00,Mach. Feeders & Offbearers
Manufacturing,Production,51-4041.00,Machinists
Manufacturing,Production,51-3022.00,"Meat, Poultry, & Fish Cutters & Trimmers"
Manufacturing,Production,51-4199.00,Metal Wkrs. & Plastic Wkrs. 
Manufacturing,Production,51-4051.00,Metal-Refining Furnace Opr. & Tend.
Manufacturing,Production,51-8099.02,Methane/L&fill Gas Generation System Tech.
Manufacturing,Production,51-4035.00,"Mill & Planing Mach. Set., Oprs."
Manufacturing,Production,51-9023.00,"Mix & Blend Mach. Set., Opr., & Tend."
Manufacturing,Production,51-4061.00,"Model Makers, Met. & Plas."
Manufacturing,Production,51-7031.00,"Model Makers, Wood"
Manufacturing,Production,51-9195.00,"Molders, Shapers, & Casters, No Met. & Plas."
Manufacturing,Production,51-9195.07,Molding & Casting Wkrs.
Manufacturing,Production,51-4072.00,"Mold, Coremaking, & Casting Mach. Set., Oprs"
Manufacturing,Production,51-4081.00,"Mult. Mach. Tool Set., Oprs., Met. & Plas."
Manufacturing,Production,51-8011.00,Nuclear Power Reactor Opr.
Manufacturing,Production,51-9083.00,Ophthalmic Lab. Tech.
Manufacturing,Production,51-9111.00,Packaging & Filling Mach. Opr. & Tend.
Manufacturing,Production,51-9122.00,"Paint., Transp. Equip."
Manufacturing,Production,51-9123.00,"Painting, Coating, & Decorating Wkrs."
Manufacturing,Production,51-9196.00,"Paper Goods Mach. Set., Opr., & Tend."
Manufacturing,Production,51-4062.00,"Patternmakers, Met. & Plas."
Manufacturing,Production,51-7032.00,"Patternmakers, Wood"
Manufacturing,Production,51-8093.00,Petro. Pump Sys. Oprrs.
Manufacturing,Production,51-9151.00,Photo. Procces &  Mach. Opr.
Manufacturing,Production,51-8099.00,Plant & System Opr. 
Manufacturing,Production,51-4193.00,"Plating & Coating Mach. Set., Oprs."
Manufacturing,Production,51-9195.05,"Potters, Manufacturing"
Manufacturing,Production,51-4052.00,"Pourers & Casters, Metal"
Manufacturing,Production,51-8012.00,Power Distributors & Dispatchers
Manufacturing,Production,51-8013.00,Power Plant Opr.
Manufacturing,Production,51-9071.07,Precious Metal Wkrs.
Manufacturing,Production,51-9199.00,Production Wkrs. 
Manufacturing,Production,51-9199.01,Recycling & Reclamation Wkrs.
Manufacturing,Production,51-4023.00,"Rolling Mach. Set., Oprs."
Manufacturing,Production,51-7041.00,"Sawing Mach. Set., Opr., & Tend., Wood"
Manufacturing,Production,51-9141.00,Semiconductor Processors
Manufacturing,Production,51-9012.00,Still Machine. Setters & Oprs.
Manufacturing,Production,51-6051.00,"Sewers, H&"
Manufacturing,Production,51-6031.00,Sewing Mach. Opr.
Manufacturing,Production,51-6041.00,Shoe & Leather Wkrs. & Rep.
Manufacturing,Production,51-6042.00,Shoe Mach. Opr. & Tend.
Manufacturing,Production,51-3023.00,Slaughterers & Meat Packers
Manufacturing,Production,51-4121.07,Solderers & Brazers
Manufacturing,Production,51-9195.03,"Stone Cutters & Carvers, Manuf."
Manufacturing,Production,51-2092.00,Team Assemblers
Manufacturing,Production,51-6061.00,Text. Bleaching & Dyeing Mach. Oprs.
Manufacturing,Production,51-6062.00,"Textile Cutting Mach. Set., Oprs."
Manufacturing,Production,51-6063.00,Textile Knitting & Weaving Oprs.
Manufacturing,Production,51-6064.00,"Textile Winding, Twisting, Oprs."
Manufacturing,Production,51-6099.00,"Textile, Apparel, & Furnishings Wkrs. "
Manufacturing,Production,51-2093.00,Timing Device Assemblers & Adjusters
Manufacturing,Production,51-9197.00,Tire Builders
Manufacturing,Production,51-4111.00,Tool & Die Makers
Manufacturing,Production,51-4194.00,"Tool Grinders, Filers, & Sharpeners"
Manufacturing,Production,51-6093.00,Upholsterers
Manufacturing,Production,51-4121.06,"Welders, Cutters, & Welder Fitters"
Manufacturing,Production,51-4121.00,"Welders, Cutters, Solderers, & Brazers"
Manufacturing,Production,51-4122.00,Welding Mach. Oprs.
Manufacturing,Production,51-7099.00,Woodworkers 
Manufacturing,Production,51-7042.00,Wood Mach. Optrs. No Sawing
Manufacturing,Quality Assurance,51-9061.00,Inspectors & Weighers
Manufacturing,Quality Assurance,43-5061.00,Production & Expediting Clerks
Manufacturing,Quality Assurance,43-5111.00,"Weighers, & Samplers, Records"
Marketing,Marketing Communications,27-3031.00,Public Relations Spc.
Marketing,Marketing Management,11-2011.00,Advertising & Promotions Mgrs.
Marketing,Marketing Management,11-2011.01,Green Marketers
Marketing,Marketing Management,11-2021.00,Marketing Mgrs.
Marketing,Marketing Management,11-9141.00,"Property, Real Estate Mgrs."
Marketing,Marketing Management,11-2031.00,Public Relations & Fundraising Mgrs.
Marketing,Marketing Management,11-2022.00,Sales Mgrs.
Marketing,Marketing Research,13-1161.00,Market Research Analysts & Marketing Spc.
Marketing,Merch&ising,27-1026.00,Merch Displayers & Window Trimmers
Marketing,Merch&ising,41-9012.00,Models
Marketing,Merch&ising,13-1022.00,"WHSL & Retail Buyers, No Farm Products"
Marketing,Professional Sales,41-3011.00,Advertising Sales Agents
Marketing,Professional Sales,41-2011.00,Cashiers
Marketing,Professional Sales,41-2021.00,Counter & Rental Clerks
Marketing,Professional Sales,41-9011.00,Demonstrators & Product Promoters
Marketing,Professional Sales,41-9091.00,"DTD Sales Wkrs., News/Street Vendors"
Marketing,Professional Sales,53-3031.00,Driver/Sales Wkrs.
Marketing,Professional Sales,41-3099.01,Energy Brokers
Marketing,Professional Sales,41-1012.00,First-Line Sup. of Non-Retail Sales Wkrs.
Marketing,Professional Sales,41-1011.00,First-Line Sup. of Retail Sales Wkrs.
Marketing,Professional Sales,41-2022.00,Parts Salespersons
Marketing,Professional Sales,41-9021.00,Real Estate Brokers
Marketing,Professional Sales,41-9022.00,Real Estate Sales Agents
Marketing,Professional Sales,41-2031.00,Retail Salespersons
Marketing,Professional Sales,41-9099.00,Sales & Related Wkrs. 
Marketing,Professional Sales,41-9031.00,Sales Engineers
Marketing,Professional Sales,41-3099.00,"Sales Representatives, Svc.s "
Marketing,Professional Sales,41-4012.00,"Sales Rep, Whsl. & Mfc., No Tech."
Marketing,Professional Sales,41-4011.00,"Sales Rep, Whsl. & Mfr. Tech. & Sci. Prod."
Marketing,Professional Sales,41-4011.07,Solar Sales Representatives & Assessors
Marketing,Professional Sales,41-9041.00,Telemarketers
STEM,Engineering & Technology,17-2011.00,Aerospace Engineers
STEM,Engineering & Technology,11-9041.00,Architectural & Engineering Mgrs.
STEM,Engineering & Technology,17-2141.02,Automotive Engineers
STEM,Engineering & Technology,17-2199.01,Biochemical Engineers
STEM,Engineering & Technology,11-9041.01,Biofuels Tech. & Prod. Dev. Mgrs.
STEM,Engineering & Technology,17-2041.00,Chemical Engineers
STEM,Engineering & Technology,17-2061.00,Computer Hardware Engineers
STEM,Engineering & Technology,17-2071.00,Electrical Engineers
STEM,Engineering & Technology,17-2072.00,"Electronics Engineers, Except Computer"
STEM,Engineering & Technology,17-2199.03,Energy Engineers
STEM,Engineering & Technology,17-2199.00,Engineers 
STEM,Engineering & Technology,17-2111.02,Fire-Prevention & Protection Engineers
STEM,Engineering & Technology,17-2141.01,Fuel Cell Engineers
STEM,Engineering & Technology,17-2111.00,Health & Safety Engineers 
STEM,Engineering & Technology,17-2112.01,Human Factors Engineers 
STEM,Engineering & Technology,17-2112.00,Industrial Engineers
STEM,Engineering & Technology,17-2111.01,Industrial Safety & Health Engineers
STEM,Engineering & Technology,17-2199.04,Manufacturing Engineers
STEM,Engineering & Technology,17-2121.02,Marine Architects
STEM,Engineering & Technology,17-2121.01,Marine Engineers
STEM,Engineering & Technology,17-2121.00,Marine Engineers & Naval Architects
STEM,Engineering & Technology,17-2131.00,Materials Engineers
STEM,Engineering & Technology,17-2141.00,Mechanical Engineers
STEM,Engineering & Technology,17-2199.05,Mechatronics Engineers
STEM,Engineering & Technology,17-2199.06,Microsystems Engineers
STEM,Engineering & Technology,17-2151.00,"Mining & Geo Engineers, Incl. Mining"
STEM,Engineering & Technology,17-2199.09,Nanosystems Engineers
STEM,Engineering & Technology,17-2161.00,Nuclear Engineers
STEM,Engineering & Technology,17-2171.00,Petroleum Engineers
STEM,Engineering & Technology,17-2199.07,Photonics Engineers
STEM,Engineering & Technology,17-2111.03,Product Safety Engineers
STEM,Engineering & Technology,17-2072.01,Radio Freq. Ident. Device Spc.
STEM,Engineering & Technology,17-2199.08,Robotics Engineers
STEM,Engineering & Technology,17-2199.11,Solar Energy Systems Engineers
STEM,Engineering & Technology,17-2199.02,Validation Engineers
STEM,Engineering & Technology,17-2199.10,Wind Energy Engineers
STEM,Science & Mathematics,19-3091.01,Anthropologists
STEM,Science & Mathematics,19-3091.00,Anthropologists & Archeologists
STEM,Science & Mathematics,19-3091.02,Archeologists
STEM,Science & Mathematics,19-2011.00,Astronomers
STEM,Science & Mathematics,19-2021.00,Atmospheric & Space Scientists
STEM,Science & Mathematics,19-1021.00,Biochemists & Biophysicists
STEM,Science & Mathematics,19-1029.01,Bioinformatics Scientists
STEM,Science & Mathematics,19-1029.00,Biological Scientists 
STEM,Science & Mathematics,15-2041.01,Biostatisticians
STEM,Science & Mathematics,17-1021.00,Cartographers & Photogrammetrists
STEM,Science & Mathematics,19-2031.00,Chemists
STEM,Science & Mathematics,19-4061.01,City & Regional Planning Aides
STEM,Science & Mathematics,19-2041.01,Climate Change Analysts
STEM,Science & Mathematics,15-2041.02,Clinical Data Mgrs.
STEM,Science & Mathematics,15-1111.00,Computer & Info. Research Scientists
STEM,Science & Mathematics,19-1031.00,Conservation Scientists
STEM,Science & Mathematics,19-3011.00,Economists
STEM,Science & Mathematics,19-3011.01,Envir.Economists
STEM,Science & Mathematics,19-2041.02,Envir.Restoration Planners
STEM,Science & Mathematics,19-2041.00,"Envir.Scientists & Spc., Incl. Health"
STEM,Science & Mathematics,19-1029.03,Geneticists
STEM,Science & Mathematics,19-3092.00,Geographers
STEM,Science & Mathematics,19-2042.00,"Geoscience, No Hydro. & Geographers"
STEM,Science & Mathematics,19-3093.00,Historians
STEM,Science & Mathematics,19-2043.00,Hydrologists
STEM,Science & Mathematics,19-2041.03,Industrial Ecologists
STEM,Science & Mathematics,19-1099.00,Life Scientists 
STEM,Science & Mathematics,19-4099.00,"Life, Physical, & Social Science Tech. "
STEM,Science & Mathematics,19-2032.00,Materials Scientists
STEM,Science & Mathematics,15-2099.00,Mathematical Science Occupations 
STEM,Science & Mathematics,15-2091.00,Mathematical Tech.
STEM,Science & Mathematics,15-2021.00,Mathematicians
STEM,Science & Mathematics,19-1022.00,Microbiologists
STEM,Science & Mathematics,19-1029.02,Molecular & Cellular Biologists
STEM,Science & Mathematics,19-1031.03,Park Naturalists
STEM,Science & Mathematics,19-2099.00,Physical Scientists 
STEM,Science & Mathematics,19-2012.00,Physicists
STEM,Science & Mathematics,19-3094.00,Political Scientists
STEM,Science & Mathematics,19-4099.02,Precision Agriculture Tech.
STEM,Science & Mathematics,19-4099.01,Quality Cont. Analysts
STEM,Science & Mathematics,19-1031.02,Range Mgrs.
STEM,Science & Mathematics,19-2099.01,Remote Sensing Scientists & Tech.
STEM,Science & Mathematics,19-4099.03,Remote Sensing Tech.
STEM,Science & Mathematics,19-4061.00,Social Science Research Asst.
STEM,Science & Mathematics,19-3099.00,Social Scientists & Related Wkrs. 
STEM,Science & Mathematics,19-3041.00,Sociologists
STEM,Science & Mathematics,19-1031.01,Soil & Water Conservationists
STEM,Science & Mathematics,15-2041.00,Statisticians
STEM,Science & Mathematics,19-3022.00,Survey Researchers
STEM,Science & Mathematics,19-3099.01,Transp. Planners
"Transp., Dist., & Logistics",Facility & Mobile Eqp. Maint.,49-3011.00,Aircraft Mech. & Svc. Tech.
"Transp., Dist., & Logistics",Facility & Mobile Eqp. Maint.,53-6031.00,Automotive & Watercraft Svc. Attend.
"Transp., Dist., & Logistics",Facility & Mobile Eqp. Maint.,49-3021.00,Automotive Body & Related Rep.
"Transp., Dist., & Logistics",Facility & Mobile Eqp. Maint.,49-3022.00,Automotive Glass Installers & Rep.
"Transp., Dist., & Logistics",Facility & Mobile Eqp. Maint.,49-3023.01,Automotive Master Mech.
"Transp., Dist., & Logistics",Facility & Mobile Eqp. Maint.,49-3023.00,Automotive Svc. Tech. & Mech.
"Transp., Dist., & Logistics",Facility & Mobile Eqp. Maint.,49-3023.02,Automotive Specialty Tech.
"Transp., Dist., & Logistics",Facility & Mobile Eqp. Maint.,49-2091.00,Avionics Tech.
"Transp., Dist., & Logistics",Facility & Mobile Eqp. Maint.,49-3091.00,Bicycle Rep.
"Transp., Dist., & Logistics",Facility & Mobile Eqp. Maint.,49-3031.00,Bus & Truck Mech. & Diesel Eng. Spc.
"Transp., Dist., & Logistics",Facility & Mobile Eqp. Maint.,53-7061.00,Cleaners of Vehicles & Equip.
"Transp., Dist., & Logistics",Facility & Mobile Eqp. Maint.,49-2093.00,"Electric Installers & Rep., Transp. Equip."
"Transp., Dist., & Logistics",Facility & Mobile Eqp. Maint.,49-2096.00,"Electric Equip.Instal & Rep., Motors"
"Transp., Dist., & Logistics",Facility & Mobile Eqp. Maint.,49-3042.00,"Heavy Equip.Mech., No Engines"
"Transp., Dist., & Logistics",Facility & Mobile Eqp. Maint.,49-3051.00,Motorboat Mech. & Svc. Tech.
"Transp., Dist., & Logistics",Facility & Mobile Eqp. Maint.,49-3052.00,Motorcycle Mech.
"Transp., Dist., & Logistics",Facility & Mobile Eqp. Maint.,49-3043.00,Rail Car Rep.
"Transp., Dist., & Logistics",Facility & Mobile Eqp. Maint.,47-4061.00,Rail-Track Laying & Maint. Eq. Op.
"Transp., Dist., & Logistics",Facility & Mobile Eqp. Maint.,49-3092.00,Recreational Vehicle Svc. Tech.
"Transp., Dist., & Logistics",Facility & Mobile Eqp. Maint.,49-9097.00,Signal & Track Switch Rep.
"Transp., Dist., & Logistics",Facility & Mobile Eqp. Maint.,49-3093.00,Tire Rep. & Changers
"Transp., Dist., & Logistics",Logistics Planning & Mgmt,43-5032.00,"Dispatchers, No Police, Fire, & Amb."
"Transp., Dist., & Logistics",Logistics Planning & Mgmt,13-1081.00,Logisticians
"Transp., Dist., & Logistics",Logistics Planning & Mgmt,13-1081.02,Logistics Analysts
"Transp., Dist., & Logistics",Logistics Planning & Mgmt,13-1081.01,Logistics Engineers
"Transp., Dist., & Logistics",Logistics Planning & Mgmt,11-3071.03,Logistics Mgrs.
"Transp., Dist., & Logistics",Logistics Planning & Mgmt,11-3071.02,Storage & Distribution Mgrs.
"Transp., Dist., & Logistics",Logistics Planning & Mgmt,11-3071.01,Transp. Mgrs.
"Transp., Dist., & Logistics",Logistics Planning & Mgmt,11-3071.00,"Transp., Storage, & Distribution Mgrs."
"Transp., Dist., & Logistics",Sales & Service,43-3021.00,Billing & Posting Clerks
"Transp., Dist., & Logistics",Sales & Service,43-3021.02,"Billing, Cost, & Rate Clerks"
"Transp., Dist., & Logistics",Sales & Service,43-5011.00,Cargo & Freight Agents
"Transp., Dist., & Logistics",Sales & Service,43-5011.01,Freight Forwarders
"Transp., Dist., & Logistics",Sales & Service,53-6021.00,Parking Lot Attend.
"Transp., Dist., & Logistics",Sales & Service,43-3021.01,Statement Clerks
"Transp., Dist., & Logistics",Transp. Operations,53-1011.00,Aircraft Cargo H&ling Sup.
"Transp., Dist., & Logistics",Transp. Operations,53-2011.00,"Air Pilots, Copilots, & Engineers"
"Transp., Dist., & Logistics",Transp. Operations,53-3011.00,"Ambulance Drivers & Attend., No EMT"
"Transp., Dist., & Logistics",Transp. Operations,53-6011.00,Bridge & Lock Tend.
"Transp., Dist., & Logistics",Transp. Operations,53-3022.00,"Bus Drivers, School or Special Client"
"Transp., Dist., & Logistics",Transp. Operations,53-3021.00,"Bus Drivers, Transit & Intercity"
"Transp., Dist., & Logistics",Transp. Operations,53-5021.00,"Captains, Mates, & Water Pilots"
"Transp., Dist., & Logistics",Transp. Operations,53-2012.00,Commercial Pilots
"Transp., Dist., & Logistics",Transp. Operations,43-5021.00,Couriers & Messengers
"Transp., Dist., & Logistics",Transp. Operations,53-1021.00,"Helpers, Laborers, & Material Movers"
"Transp., Dist., & Logistics",Transp. Operations,53-1031.00,Transp. & Material-Moving Mach. Sups
"Transp., Dist., & Logistics",Transp. Operations,53-2031.00,Flight Attend.
"Transp., Dist., & Logistics",Transp. Operations,53-7071.00,Gas Pumping Station Opr.
"Transp., Dist., & Logistics",Transp. Operations,53-3032.00,Heavy & Tractor-Trailer Truck Drivers
"Transp., Dist., & Logistics",Transp. Operations,53-7051.00,Industrial Truck & Tractor Opr.
"Transp., Dist., & Logistics",Transp. Operations,53-7062.00,"Freight, Stock, & Material Movers"
"Transp., Dist., & Logistics",Transp. Operations,53-3033.00,Light Truck or Delivery Svc.s Drivers
"Transp., Dist., & Logistics",Transp. Operations,53-4011.00,Locomotive Engineers
"Transp., Dist., & Logistics",Transp. Operations,53-4012.00,Locomotive Firers
"Transp., Dist., & Logistics",Transp. Operations,53-7199.00,Material Moving Wkrs. 
"Transp., Dist., & Logistics",Transp. Operations,53-5021.02,"Mates- Ship, Boat, & Barge"
"Transp., Dist., & Logistics",Transp. Operations,53-7111.00,Mine Shuttle Car Opr.
"Transp., Dist., & Logistics",Transp. Operations,53-3099.00,Motor Vehicle Opr. 
"Transp., Dist., & Logistics",Transp. Operations,53-5022.00,Motorboat Opr.
"Transp., Dist., & Logistics",Transp. Operations,53-7064.00,"Packers & Packagers, H&"
"Transp., Dist., & Logistics",Transp. Operations,53-5021.03,"Pilots, Ship"
"Transp., Dist., & Logistics",Transp. Operations,53-7072.00,"Pump Opr., Except Wellhead Pumpers"
"Transp., Dist., & Logistics",Transp. Operations,53-4099.00,Rail Transp. Wkrs. 
"Transp., Dist., & Logistics",Transp. Operations,53-4013.00,"Rail Yard Engineers, Dinkey Oprs."
"Transp., Dist., & Logistics",Transp. Operations,53-4021.00,"Railroad Brake, Signal, & Switch Opr."
"Transp., Dist., & Logistics",Transp. Operations,53-4031.00,Railroad Conductors & Yardmasters
"Transp., Dist., & Logistics",Transp. Operations,53-1021.01,Recycling Coordinators
"Transp., Dist., & Logistics",Transp. Operations,53-5011.00,Sailors & Marine Oilers
"Transp., Dist., & Logistics",Transp. Operations,53-5021.01,Ship & Boat Captains
"Transp., Dist., & Logistics",Transp. Operations,53-5031.00,Ship Engineers
"Transp., Dist., & Logistics",Transp. Operations,53-4041.00,Subway & Streetcar Opr.
"Transp., Dist., & Logistics",Transp. Operations,53-7121.00,"Tank Car, Truck, & Ship Loaders"
"Transp., Dist., & Logistics",Transp. Operations,53-3041.00,Taxi Drivers & Chauffeurs
"Transp., Dist., & Logistics",Transp. Operations,53-6061.00,"Transp. Attend., Except Flight Attend."
"Transp., Dist., & Logistics",Transp. Operations,53-6099.00,Transp. Wkrs. 
"Transp., Dist., & Logistics",Transp. Operations,53-7073.00,Wellhead Pumpers
"Transp., Dist., & Logistics","Transp. Syst. Planning, Mgmt & Reg.",53-2021.00,Air Traffic Cont.lers
"Transp., Dist., & Logistics","Transp. Syst. Planning, Mgmt & Reg.",53-2022.00,Airfield Operations Spc.
"Transp., Dist., & Logistics","Transp. Syst. Planning, Mgmt & Reg.",53-6041.00,Traffic Tech.
